Counter,NAME,CAS,CATEGORY,MOLWT,VP_MOLWT,L_DENS,VP_40,VP_50,VP_60,VP_70,VP_80,VP_90,VP_100,VP_COEF_A,VP_COEF_B,VP_COEF_C,VP_2_A,VP_2_B,REID,ASTM_SLOPE,VP_A,VP_B,VP_X_MIN,VP_X_MAX,USER_DEF
1,Acetaldehyde,00075-07-0,Organic Liquids,4.4000000000000000e+01,4.4000000000000000e+01,6.5759999999999996e+00,0.0000000000000000e+00,0.0000000000000000e+00,1.2183871910000001e+01,0.0000000000000000e+00,0.0000000000000000e+00,0.0000000000000000e+00,0.0000000000000000e+00,8.0050000000000008e+00,1.6000170000000001e+03,2.9180900000000003e+02,2.7707000000000000e+04,7.8205999999999998e+00,0.0000000000000000e+00,0.0000000000000000e+00,0.0000000000000000e+00,0.0000000000000000e+00,0.0000000000000000e+00,0.0000000000000000e+00,0
2,Acetic acid,00064-19-7,Organic Liquids,6.0049999999999997e+01,6.0049999999999997e+01,8.7880000000000003e+00,0.0000000000000000e+00,0.0000000000000000e+00,1.6874288900000001e-01,0.0000000000000000e+00,0.0000000000000000e+00,0.0000000000000000e+00,0.0000000000000000e+00,7.3869999999999996e+00,1.5333130000000001e+03,2.2230900000000000e+02,4.1689000000000000e+04,8.5020000000000007e+00,0.0000000000000000e+00,0.0000000000000000e+00,0.0000000000000000e+00,0.0000000000000000e+00,0.0000000000000000e+00,0.0000000000000000e+00,0
3,Acetic anhydride,00108-24-7,Organic Liquids,1.0209000000000000e+02,1.0209000000000000e+02,9.0129999999999999e+00,0.0000000000000000e+00,0.0000000000000000e+00,5.3381486999999998e-02,0.0000000000000000e+00,0.0000000000000000e+00,0.0000000000000000e+00,0.0000000000000000e+00,7.1490000000000000e+00,1.4447180000000001e+03,1.9981700000000001e+02,4.5585000000000000e+04,8.6880000000000006e+00,0.0000000000000000e+00,0.0000000000000000e+00,0.0000000000000000e+00,0.0000000000000000e+00,0.0000000000000000e+00,0.0000000000000000e+00,0
4,Acetone,00067-64-1,Organic Liquids,5.8079999999999998e+01,5.8079999999999998e+01,6.6280000000000001e+00,1.6819999999999999e+00,2.1850000000000001e+00,2.8620000000000001e+00,3.7130000000000001e+00,4.6989999999999998e+00,5.9169999999999998e+00,7.2510000000000003e+00,7.1170000000000000e+00,1.2105950000000000e+03,2.2966399999999999e+02,0.0000000000000000e+00,0.0000000000000000e+00,0.0000000000000000e+00,0.0000000000000000e+00,1.4253900000000000e+01,6.9201999999999998e+03,-7.4900000000000006e+01,4.1810000000000002e+02,0
5,Acetonitrile,00075-05-8,Organic Liquids,4.1049999999999997e+01,4.1049999999999997e+01,6.5579999999999998e+00,6.3800000000000001e-01,8.3099999999999996e-01,1.0830000000000000e+00,1.4119999999999999e+00,1.8759999999999999e+00,2.4560000000000000e+00,3.1330000000000000e+00,7.1189999999999998e+00,1.3144000000000001e+03,2.3000000000000000e+02,0.0000000000000000e+00,0.0000000000000000e+00,0.0000000000000000e+00,0.0000000000000000e+00,0.0000000000000000e+00,0.0000000000000000e+00,0.0000000000000000e+00,0.0000000000000000e+00,0
6,Acrylamide,00079-06-1,Organic Liquids,7.1090000000000003e+01,7.1090000000000003e+01,9.3640000000000008e+00,0.0000000000000000e+00,0.0000000000000000e+00,8.5774999999999998e-05,0.0000000000000000e+00,0.0000000000000000e+00,0.0000000000000000e+00,0.0000000000000000e+00,1.1293200000000001e+01,3.9398770000000000e+03,2.7316000000000003e+02,0.0000000000000000e+00,0.0000000000000000e+00,0.0000000000000000e+00,0.0000000000000000e+00,0.0000000000000000e+00,0.0000000000000000e+00,0.0000000000000000e+00,0.0000000000000000e+00,0
7,Acrylic acid,00079-10-7,Organic Liquids,7.2099999999999994e+01,7.2099999999999994e+01,8.8640000000000008e+00,1.4886999999999999e-02,2.3599999999999999e-02,3.6505000000000003e-02,5.5201000000000000e-02,8.1742999999999996e-02,1.1872400000000000e-01,1.6936200000000001e-01,8.5387000000000004e+00,2.3058429999999998e+03,2.6654700000000003e+02,0.0000000000000000e+00,0.0000000000000000e+00,0.0000000000000000e+00,0.0000000000000000e+00,0.0000000000000000e+00,0.0000000000000000e+00,0.0000000000000000e+00,0.0000000000000000e+00,0
8,Acrylonitrile,00107-13-1,Organic Liquids,5.3060000000000002e+01,5.3060000000000002e+01,6.7580000000000000e+00,8.1200000000000006e-01,9.6699999999999997e-01,1.3730000000000000e+00,1.7989999999999999e+00,2.3780000000000001e+00,3.1330000000000000e+00,4.0220000000000002e+00,7.0380000000000003e+00,1.2325300000000000e+03,2.2247000000000000e+02,0.0000000000000000e+00,0.0000000000000000e+00,0.0000000000000000e+00,0.0000000000000000e+00,1.4131900000000000e+01,7.1918000000000002e+03,-5.9799999999999997e+01,1.7330000000000001e+02,0
9,Allyl alcohol,00107-18-6,Organic Liquids,5.8079999999999998e+01,5.8079999999999998e+01,7.1250000000000000e+00,1.3500000000000001e-01,1.9300000000000000e-01,2.6100000000000001e-01,3.8700000000000001e-01,5.2200000000000002e-01,7.1599999999999997e-01,1.0060000000000000e+00,0.0000000000000000e+00,0.0000000000000000e+00,0.0000000000000000e+00,0.0000000000000000e+00,0.0000000000000000e+00,0.0000000000000000e+00,0.0000000000000000e+00,1.7107299999999999e+01,9.5792000000000007e+03,-4.0000000000000000e+00,2.0590000000000001e+02,0
10,Allyl chloride,00107-05-1,Organic Liquids,7.6530000000000001e+01,7.6530000000000001e+01,7.8639999999999999e+00,2.9980000000000002e+00,3.7719999999999998e+00,4.7969999999999997e+00,6.0149999999999997e+00,7.4470000000000001e+00,9.1099999999999994e+00,1.1025000000000000e+01,0.0000000000000000e+00,0.0000000000000000e+00,0.0000000000000000e+00,0.0000000000000000e+00,0.0000000000000000e+00,0.0000000000000000e+00,0.0000000000000000e+00,1.4456400000000000e+01,6.6895000000000000e+03,-9.4000000000000000e+01,1.1230000000000000e+02,0
11,Aniline,00062-53-3,Organic Liquids,9.3099999999999994e+01,9.3099999999999994e+01,8.5289999999999999e+00,0.0000000000000000e+00,0.0000000000000000e+00,6.2065510000000003e-03,0.0000000000000000e+00,0.0000000000000000e+00,0.0000000000000000e+00,0.0000000000000000e+00,7.3200000000000003e+00,1.7315150000000001e+03,2.0604900000000001e+02,0.0000000000000000e+00,0.0000000000000000e+00,0.0000000000000000e+00,0.0000000000000000e+00,0.0000000000000000e+00,0.0000000000000000e+00,0.0000000000000000e+00,0.0000000000000000e+00,0
12,Benzene,00071-43-2,Organic Liquids,7.8109999999999999e+01,7.8109999999999999e+01,7.3650000000000002e+00,6.3800000000000001e-01,8.7000000000000000e-01,1.1599999999999999e+00,1.5080000000000000e+00,1.9720000000000000e+00,2.6099999999999999e+00,3.2869999999999999e+00,6.9050000000000002e+00,1.2110329999999999e+03,2.2078999999999999e+02,3.4172000000000000e+04,7.9622000000000002e+00,0.0000000000000000e+00,0.0000000000000000e+00,0.0000000000000000e+00,0.0000000000000000e+00,0.0000000000000000e+00,0.0000000000000000e+00,0
13,Butanol-(1),00071-36-3,Organic Liquids,7.4120000000000005e+01,7.4120000000000005e+01,6.7599999999999998e+00,0.0000000000000000e+00,0.0000000000000000e+00,5.6535569000000001e-02,0.0000000000000000e+00,0.0000000000000000e+00,0.0000000000000000e+00,0.0000000000000000e+00,7.4767999999999999e+00,1.3623900000000001e+03,1.7877000000000001e+02,0.0000000000000000e+00,0.0000000000000000e+00,0.0000000000000000e+00,0.0000000000000000e+00,0.0000000000000000e+00,0.0000000000000000e+00,0.0000000000000000e+00,0.0000000000000000e+00,0
14,Butyl alcohol (-tert),00075-65-0,Organic Liquids,7.4120000000000005e+01,7.4120000000000005e+01,6.5949999999999998e+00,1.7399999999999999e-01,2.8999999999999998e-01,4.2499999999999999e-01,6.3800000000000001e-01,9.0900000000000003e-01,1.2380000000000000e+00,1.7020000000000000e+00,0.0000000000000000e+00,0.0000000000000000e+00,0.0000000000000000e+00,0.0000000000000000e+00,0.0000000000000000e+00,0.0000000000000000e+00,0.0000000000000000e+00,1.7222999999999999e+01,9.4302999999999993e+03,-4.7000000000000002e+00,4.3250000000000000e+02,0
15,Butyl chloride (-n),00109-69-3,Organic Liquids,9.2569999999999993e+01,9.2569999999999993e+01,7.4299999999999997e+00,7.1499999999999997e-01,1.0060000000000000e+00,1.3200000000000001e+00,1.7400000000000000e+00,2.1850000000000001e+00,2.6840000000000002e+00,3.4809999999999999e+00,0.0000000000000000e+00,0.0000000000000000e+00,0.0000000000000000e+00,0.0000000000000000e+00,0.0000000000000000e+00,0.0000000000000000e+00,0.0000000000000000e+00,0.0000000000000000e+00,0.0000000000000000e+00,0.0000000000000000e+00,0.0000000000000000e+00,0
16,Carbon disulfide,00075-15-0,Organic Liquids,7.6129999999999995e+01,7.6129999999999995e+01,1.0587999999999999e+01,3.0360000000000000e+00,3.8670000000000000e+00,4.8339999999999996e+00,6.0140000000000002e+00,7.3869999999999996e+00,9.1850000000000005e+00,1.1215000000000000e+01,6.9420000000000002e+00,1.1691099999999999e+03,2.4159000000000000e+02,0.0000000000000000e+00,0.0000000000000000e+00,0.0000000000000000e+00,0.0000000000000000e+00,1.3329200000000000e+01,6.1461999999999998e+03,-1.0080000000000000e+02,4.9280000000000001e+02,0
17,Carbon tetrachloride,00056-23-5,Organic Liquids,1.5384000000000000e+02,1.5384000000000000e+02,1.3366000000000000e+01,7.9300000000000004e-01,1.0640000000000001e+00,1.4119999999999999e+00,1.7980000000000000e+00,2.3010000000000002e+00,2.9969999999999999e+00,3.7709999999999999e+00,6.9340000000000002e+00,1.2424300000000001e+03,2.3000000000000000e+02,3.3914000000000000e+04,8.0039999999999996e+00,0.0000000000000000e+00,0.0000000000000000e+00,0.0000000000000000e+00,0.0000000000000000e+00,0.0000000000000000e+00,0.0000000000000000e+00,0
18,Chlorobenzene,00108-90-7,Organic Liquids,1.1259999999999999e+02,1.1259999999999999e+02,9.2390000000000008e+00,0.0000000000000000e+00,0.0000000000000000e+00,1.3345081400000000e-01,0.0000000000000000e+00,0.0000000000000000e+00,0.0000000000000000e+00,0.0000000000000000e+00,6.9779999999999998e+00,1.4310500000000000e+03,2.1755000000000001e+02,4.2250000000000000e+04,8.5000000000000000e+00,0.0000000000000000e+00,0.0000000000000000e+00,0.0000000000000000e+00,0.0000000000000000e+00,0.0000000000000000e+00,0.0000000000000000e+00,0
19,Chloroform,00067-66-3,Organic Liquids,1.1939000000000000e+02,1.1939000000000000e+02,1.2488000000000000e+01,1.5280000000000000e+00,1.9339999999999999e+00,2.4750000000000001e+00,3.1909999999999998e+00,4.0609999999999999e+00,5.1630000000000003e+00,6.3419999999999996e+00,6.4930000000000003e+00,9.2944000000000005e+02,1.9603000000000000e+02,0.0000000000000000e+00,0.0000000000000000e+00,0.0000000000000000e+00,0.0000000000000000e+00,0.0000000000000000e+00,0.0000000000000000e+00,0.0000000000000000e+00,0.0000000000000000e+00,0
20,Chloroprene,00126-99-8,Organic Liquids,8.8540000000000006e+01,8.8540000000000006e+01,8.0459999999999994e+00,1.7600000000000000e+00,2.3199999999999998e+00,2.9009999999999998e+00,3.6549999999999998e+00,4.5629999999999997e+00,5.6849999999999996e+00,6.9809999999999999e+00,6.1609999999999996e+00,7.8345000000000005e+02,1.7969999999999999e+02,0.0000000000000000e+00,0.0000000000000000e+00,0.0000000000000000e+00,0.0000000000000000e+00,0.0000000000000000e+00,0.0000000000000000e+00,0.0000000000000000e+00,0.0000000000000000e+00,0
21,Cresol (-m),00108-39-4,Organic Liquids,1.0809999999999999e+02,1.0809999999999999e+02,8.6289999999999996e+00,0.0000000000000000e+00,0.0000000000000000e+00,1.3966560000000000e-03,0.0000000000000000e+00,0.0000000000000000e+00,0.0000000000000000e+00,0.0000000000000000e+00,7.5080000000000000e+00,1.8563599999999999e+03,1.9906999999999999e+02,0.0000000000000000e+00,0.0000000000000000e+00,0.0000000000000000e+00,0.0000000000000000e+00,0.0000000000000000e+00,0.0000000000000000e+00,0.0000000000000000e+00,0.0000000000000000e+00,0
22,Cresol (-o),00095-48-7,Organic Liquids,1.0814000000000000e+02,1.0814000000000000e+02,8.7379999999999995e+00,0.0000000000000000e+00,0.0000000000000000e+00,1.7945810000000000e-03,0.0000000000000000e+00,0.0000000000000000e+00,0.0000000000000000e+00,0.0000000000000000e+00,6.9109999999999996e+00,1.4355000000000000e+03,1.6516000000000000e+02,0.0000000000000000e+00,0.0000000000000000e+00,0.0000000000000000e+00,0.0000000000000000e+00,1.6295900000000000e+01,1.1308600000000000e+04,1.0080000000000000e+02,3.7539999999999998e+02,0
23,Cresol (-p),00106-44-5,Organic Liquids,1.0809999999999999e+02,1.0809999999999999e+02,8.6289999999999996e+00,0.0000000000000000e+00,0.0000000000000000e+00,6.3639499999999999e-04,0.0000000000000000e+00,0.0000000000000000e+00,0.0000000000000000e+00,0.0000000000000000e+00,7.0350000000000001e+00,1.5110799999999999e+03,1.6184999999999999e+02,0.0000000000000000e+00,0.0000000000000000e+00,0.0000000000000000e+00,0.0000000000000000e+00,0.0000000000000000e+00,0.0000000000000000e+00,0.0000000000000000e+00,0.0000000000000000e+00,0
24,Crude oil (RVP 5),,Crude Oils,2.0700000000000000e+02,5.0000000000000000e+01,7.0999999999999996e+00,0.0000000000000000e+00,0.0000000000000000e+00,2.7999999999999998e+00,0.0000000000000000e+00,0.0000000000000000e+00,0.0000000000000000e+00,0.0000000000000000e+00,0.0000000000000000e+00,0.0000000000000000e+00,0.0000000000000000e+00,0.0000000000000000e+00,0.0000000000000000e+00,5.0000000000000000e+00,0.0000000000000000e+00,0.0000000000000000e+00,0.0000000000000000e+00,0.0000000000000000e+00,0.0000000000000000e+00,0
25,Cyclohexane,00110-82-7,Organic Liquids,8.4159999999999997e+01,8.4159999999999997e+01,6.5220000000000002e+00,6.7700000000000005e-01,9.2800000000000005e-01,1.2180000000000000e+00,1.6050000000000000e+00,2.0690000000000000e+00,2.6099999999999999e+00,3.2490000000000001e+00,6.8410000000000002e+00,1.2015300000000000e+03,2.2265000000000001e+02,3.7394000000000000e+04,8.5939999999999994e+00,0.0000000000000000e+00,0.0000000000000000e+00,0.0000000000000000e+00,0.0000000000000000e+00,0.0000000000000000e+00,0.0000000000000000e+00,0
26,Cyclohexanol,00108-93-0,Organic Liquids,1.0020000000000000e+02,1.0020000000000000e+02,8.0289999999999999e+00,0.0000000000000000e+00,0.0000000000000000e+00,1.6596180000000001e-03,0.0000000000000000e+00,0.0000000000000000e+00,0.0000000000000000e+00,0.0000000000000000e+00,6.2549999999999999e+00,9.1287000000000000e+02,1.0913000000000000e+02,0.0000000000000000e+00,0.0000000000000000e+00,0.0000000000000000e+00,0.0000000000000000e+00,0.0000000000000000e+00,0.0000000000000000e+00,0.0000000000000000e+00,0.0000000000000000e+00,0
27,Cyclohexanone,00108-94-1,Organic Liquids,9.8200000000000003e+01,9.8200000000000003e+01,7.9100000000000001e+00,0.0000000000000000e+00,0.0000000000000000e+00,5.4096827000000000e-02,0.0000000000000000e+00,0.0000000000000000e+00,0.0000000000000000e+00,0.0000000000000000e+00,7.8491999999999997e+00,2.1371920000000000e+03,2.7316000000000003e+02,0.0000000000000000e+00,0.0000000000000000e+00,0.0000000000000000e+00,0.0000000000000000e+00,0.0000000000000000e+00,0.0000000000000000e+00,0.0000000000000000e+00,0.0000000000000000e+00,0
28,Cyclopentane,00287-92-3,Organic Liquids,7.0129999999999995e+01,7.0129999999999995e+01,6.2480000000000002e+00,2.5139999999999998e+00,3.2869999999999999e+00,4.1769999999999996e+00,5.2400000000000002e+00,6.5170000000000003e+00,8.0630000000000006e+00,9.6679999999999993e+00,0.0000000000000000e+00,0.0000000000000000e+00,0.0000000000000000e+00,0.0000000000000000e+00,0.0000000000000000e+00,0.0000000000000000e+00,0.0000000000000000e+00,1.4338400000000000e+01,6.7115000000000000e+03,-9.0400000000000006e+01,1.2070000000000000e+02,0
29,Decane (-n),00124-18-5,Organic Liquids,1.4228999999999999e+02,1.4228999999999999e+02,6.0919999999999996e+00,2.1003000000000001e-02,2.6411000000000000e-02,3.3210999999999997e-02,4.1762000000000001e-02,5.2514999999999999e-02,6.6035999999999997e-02,8.3038000000000001e-02,0.0000000000000000e+00,0.0000000000000000e+00,0.0000000000000000e+00,0.0000000000000000e+00,0.0000000000000000e+00,0.0000000000000000e+00,0.0000000000000000e+00,1.5046200000000001e+01,9.8820000000000000e+03,6.2799999999999997e+01,3.4339999999999998e+02,0
30,Di-isopropyl ether,00108-20-3,Organic Liquids,1.0217000000000000e+02,1.0217000000000000e+02,6.0750000000000002e+00,1.1990000000000001e+00,1.5860000000000001e+00,2.1269999999999998e+00,2.7460000000000000e+00,3.4809999999999999e+00,4.2539999999999996e+00,5.2980000000000000e+00,0.0000000000000000e+00,0.0000000000000000e+00,0.0000000000000000e+00,0.0000000000000000e+00,0.0000000000000000e+00,0.0000000000000000e+00,0.0000000000000000e+00,0.0000000000000000e+00,0.0000000000000000e+00,0.0000000000000000e+00,0.0000000000000000e+00,0
31,"Dichloroethane (1,1)",00075-34-3,Organic Liquids,9.8969999999999999e+01,9.8969999999999999e+01,9.8610000000000007e+00,1.6819999999999999e+00,2.2429999999999999e+00,2.9009999999999998e+00,3.7709999999999999e+00,4.7380000000000004e+00,5.8399999999999999e+00,7.1929999999999996e+00,0.0000000000000000e+00,0.0000000000000000e+00,0.0000000000000000e+00,0.0000000000000000e+00,0.0000000000000000e+00,0.0000000000000000e+00,0.0000000000000000e+00,0.0000000000000000e+00,0.0000000000000000e+00,0.0000000000000000e+00,0.0000000000000000e+00,0
32,"Dichloroethane (1,2)",00107-06-2,Organic Liquids,9.8969999999999999e+01,9.8969999999999999e+01,1.0500000000000000e+01,5.6100000000000005e-01,7.7300000000000002e-01,1.0249999999999999e+00,1.4310000000000000e+00,1.7400000000000000e+00,2.2429999999999999e+00,2.8039999999999998e+00,7.0250000000000004e+00,1.2723000000000000e+03,2.2290000000000001e+02,0.0000000000000000e+00,0.0000000000000000e+00,0.0000000000000000e+00,0.0000000000000000e+00,1.3803500000000000e+01,7.2001999999999998e+03,-4.8100000000000001e+01,5.4500000000000000e+02,0
33,"Dichloroethylene (-trans-1,2)",00156-60-5,Organic Liquids,9.6950000000000003e+01,9.6950000000000003e+01,1.0523999999999999e+01,2.5520000000000000e+00,3.3839999999999999e+00,4.3510000000000000e+00,5.5300000000000002e+00,6.8070000000000004e+00,8.3149999999999995e+00,1.0016000000000000e+01,6.9649999999999999e+00,1.1419000000000001e+03,2.3190000000000001e+02,0.0000000000000000e+00,0.0000000000000000e+00,0.0000000000000000e+00,0.0000000000000000e+00,0.0000000000000000e+00,0.0000000000000000e+00,0.0000000000000000e+00,0.0000000000000000e+00,0
34,"Dichloroethylene (cis-1,2)",00540-59-0,Organic Liquids,9.6950000000000003e+01,9.6950000000000003e+01,1.0763000000000000e+01,1.4500000000000000e+00,2.0110000000000001e+00,2.6680000000000001e+00,3.4609999999999999e+00,4.4089999999999998e+00,5.6459999999999999e+00,6.8070000000000004e+00,0.0000000000000000e+00,0.0000000000000000e+00,0.0000000000000000e+00,0.0000000000000000e+00,0.0000000000000000e+00,0.0000000000000000e+00,0.0000000000000000e+00,0.0000000000000000e+00,0.0000000000000000e+00,0.0000000000000000e+00,0.0000000000000000e+00,0
35,"Diethyl (n,n) anilin",00091-66-7,Organic Liquids,1.4922999999999999e+02,1.4922999999999999e+02,7.7629999999999999e+00,0.0000000000000000e+00,0.0000000000000000e+00,1.7174250000000001e-03,0.0000000000000000e+00,0.0000000000000000e+00,0.0000000000000000e+00,0.0000000000000000e+00,7.4660000000000002e+00,1.9935699999999999e+03,2.1850000000000000e+02,0.0000000000000000e+00,0.0000000000000000e+00,0.0000000000000000e+00,0.0000000000000000e+00,0.0000000000000000e+00,0.0000000000000000e+00,0.0000000000000000e+00,0.0000000000000000e+00,0
36,Diethyl ether,00060-29-7,Organic Liquids,7.4120000000000005e+01,7.4120000000000005e+01,5.9880000000000004e+00,4.2149999999999999e+00,5.6660000000000004e+00,7.0190000000000001e+00,8.7020000000000000e+00,1.0442000000000000e+01,1.3342000000000001e+01,0.0000000000000000e+00,6.9199999999999999e+00,1.0640699999999999e+03,2.2880000000000001e+02,0.0000000000000000e+00,0.0000000000000000e+00,0.0000000000000000e+00,0.0000000000000000e+00,0.0000000000000000e+00,0.0000000000000000e+00,0.0000000000000000e+00,0.0000000000000000e+00,0
37,Diethylamine,00109-89-7,Organic Liquids,7.3140000000000001e+01,7.3140000000000001e+01,5.9059999999999997e+00,1.6439999999999999e+00,1.9920000000000000e+00,2.8620000000000001e+00,3.8670000000000000e+00,4.8920000000000003e+00,6.1299999999999999e+00,7.5410000000000004e+00,0.0000000000000000e+00,0.0000000000000000e+00,0.0000000000000000e+00,0.0000000000000000e+00,0.0000000000000000e+00,0.0000000000000000e+00,0.0000000000000000e+00,1.3788100000000000e+01,6.6176999999999998e+03,-2.7399999999999999e+01,4.1000000000000000e+02,0
38,Dimethyl formamide,00068-12-2,Organic Liquids,7.3090000000000003e+01,7.3090000000000003e+01,7.5780000000000003e+00,0.0000000000000000e+00,0.0000000000000000e+00,4.0369925000000001e-02,0.0000000000000000e+00,0.0000000000000000e+00,0.0000000000000000e+00,0.0000000000000000e+00,6.9279999999999999e+00,1.4008699999999999e+03,1.9643000000000001e+02,0.0000000000000000e+00,0.0000000000000000e+00,0.0000000000000000e+00,0.0000000000000000e+00,0.0000000000000000e+00,0.0000000000000000e+00,0.0000000000000000e+00,0.0000000000000000e+00,0
39,"Dimethyl hydrazine (1,1)",00057-14-7,Organic Liquids,6.0100000000000001e+01,6.0100000000000001e+01,7.8819999999999997e+00,0.0000000000000000e+00,0.0000000000000000e+00,1.8949372419999999e+00,0.0000000000000000e+00,0.0000000000000000e+00,0.0000000000000000e+00,0.0000000000000000e+00,7.4080000000000004e+00,1.3059100000000001e+03,2.2553000000000000e+02,0.0000000000000000e+00,0.0000000000000000e+00,0.0000000000000000e+00,0.0000000000000000e+00,0.0000000000000000e+00,0.0000000000000000e+00,0.0000000000000000e+00,0.0000000000000000e+00,0
40,Dimethyl phthalate,00131-11-3,Organic Liquids,1.9419999999999999e+02,1.9419999999999999e+02,9.9649999999999999e+00,0.0000000000000000e+00,0.0000000000000000e+00,2.3000000000000001e-08,0.0000000000000000e+00,0.0000000000000000e+00,0.0000000000000000e+00,0.0000000000000000e+00,4.5220000000000002e+00,7.0030999999999995e+02,5.1420000000000002e+01,0.0000000000000000e+00,0.0000000000000000e+00,0.0000000000000000e+00,0.0000000000000000e+00,0.0000000000000000e+00,0.0000000000000000e+00,0.0000000000000000e+00,0.0000000000000000e+00,0
41,"Dioxane (1,4)",00123-91-1,Organic Liquids,8.8099999999999994e+01,8.8099999999999994e+01,8.6590000000000007e+00,2.3200000000000001e-01,3.2900000000000001e-01,4.2499999999999999e-01,6.1899999999999999e-01,8.3099999999999996e-01,1.1410000000000000e+00,1.5080000000000000e+00,7.4310000000000000e+00,1.5546800000000001e+03,2.4034000000000000e+02,0.0000000000000000e+00,0.0000000000000000e+00,0.0000000000000000e+00,0.0000000000000000e+00,0.0000000000000000e+00,0.0000000000000000e+00,0.0000000000000000e+00,0.0000000000000000e+00,0
42,Dipropyl ether,00111-43-3,Organic Liquids,1.0217000000000000e+02,1.0217000000000000e+02,6.2599999999999998e+00,4.2499999999999999e-01,6.1899999999999999e-01,8.3099999999999996e-01,1.1020000000000001e+00,1.4310000000000000e+00,1.8759999999999999e+00,2.3199999999999998e+00,0.0000000000000000e+00,0.0000000000000000e+00,0.0000000000000000e+00,0.0000000000000000e+00,0.0000000000000000e+00,0.0000000000000000e+00,0.0000000000000000e+00,0.0000000000000000e+00,0.0000000000000000e+00,0.0000000000000000e+00,0.0000000000000000e+00,0
43,Distillate fuel oil no. 2,,Petroleum Distillates,1.8800000000000000e+02,1.3000000000000000e+02,7.0999999999999996e+00,3.0999999999999999e-03,4.4999999999999997e-03,6.4999999999999997e-03,8.9999999999999993e-03,1.2000000000000000e-02,1.6000000000000000e-02,2.1999999999999999e-02,0.0000000000000000e+00,0.0000000000000000e+00,0.0000000000000000e+00,0.0000000000000000e+00,0.0000000000000000e+00,0.0000000000000000e+00,0.0000000000000000e+00,1.2101000000000001e+01,8.9070000000000000e+03,4.0000000000000000e+01,1.0000000000000000e+02,0
44,Epichlorohydrin,00106-89-8,Organic Liquids,9.2500000000000000e+01,9.2500000000000000e+01,9.8480000000000008e+00,0.0000000000000000e+00,0.0000000000000000e+00,1.9402377300000001e-01,0.0000000000000000e+00,0.0000000000000000e+00,0.0000000000000000e+00,0.0000000000000000e+00,8.2294000000000000e+00,2.0868159999999998e+03,2.7316000000000003e+02,0.0000000000000000e+00,0.0000000000000000e+00,0.0000000000000000e+00,0.0000000000000000e+00,0.0000000000000000e+00,0.0000000000000000e+00,0.0000000000000000e+00,0.0000000000000000e+00,0
45,Ethanolamine (mono-),00141-43-5,Organic Liquids,6.1090000000000003e+01,6.1090000000000003e+01,8.3439999999999994e+00,0.0000000000000000e+00,0.0000000000000000e+00,2.4639729999999999e-03,0.0000000000000000e+00,0.0000000000000000e+00,0.0000000000000000e+00,0.0000000000000000e+00,7.4560000000000004e+00,1.5776700000000001e+03,1.7337000000000000e+02,0.0000000000000000e+00,0.0000000000000000e+00,0.0000000000000000e+00,0.0000000000000000e+00,0.0000000000000000e+00,0.0000000000000000e+00,0.0000000000000000e+00,0.0000000000000000e+00,0
46,Ethyl acetate,00141-78-6,Organic Liquids,8.8099999999999994e+01,8.8099999999999994e+01,7.5510000000000002e+00,5.7999999999999996e-01,8.3099999999999996e-01,1.1020000000000001e+00,1.4890000000000001e+00,1.9339999999999999e+00,2.5139999999999998e+00,3.1909999999999998e+00,7.1010000000000000e+00,1.2449500000000000e+03,2.1788000000000000e+02,0.0000000000000000e+00,0.0000000000000000e+00,0.0000000000000000e+00,0.0000000000000000e+00,0.0000000000000000e+00,0.0000000000000000e+00,0.0000000000000000e+00,0.0000000000000000e+00,0
47,Ethyl acrylate,00140-88-5,Organic Liquids,1.0011000000000000e+02,1.0011000000000000e+02,7.7500000000000000e+00,2.1299999999999999e-01,2.8999999999999998e-01,4.2499999999999999e-01,5.9899999999999998e-01,8.3099999999999996e-01,1.1220000000000001e+00,1.4700000000000000e+00,7.9645000000000001e+00,1.8970110000000000e+03,2.7316000000000003e+02,0.0000000000000000e+00,0.0000000000000000e+00,0.0000000000000000e+00,0.0000000000000000e+00,0.0000000000000000e+00,0.0000000000000000e+00,0.0000000000000000e+00,0.0000000000000000e+00,0
48,Ethyl alcohol,00064-17-5,Organic Liquids,4.6070000000000000e+01,4.6070000000000000e+01,6.6100000000000003e+00,1.9300000000000000e-01,4.0600000000000003e-01,6.1899999999999999e-01,8.7000000000000000e-01,1.2180000000000000e+00,1.6819999999999999e+00,2.3199999999999998e+00,8.3209999999999997e+00,1.7182100000000000e+03,2.3752000000000001e+02,0.0000000000000000e+00,0.0000000000000000e+00,0.0000000000000000e+00,0.0000000000000000e+00,1.6380099999999999e+01,8.7607000000000007e+03,-2.4300000000000001e+01,4.6760000000000002e+02,0
49,Ethyl chloride,00075-00-3,Organic Liquids,6.4519999999999996e+01,6.4519999999999996e+01,7.6779999999999999e+00,0.0000000000000000e+00,0.0000000000000000e+00,1.6590881998000000e+01,0.0000000000000000e+00,0.0000000000000000e+00,0.0000000000000000e+00,0.0000000000000000e+00,6.9859999999999998e+00,1.0300100000000000e+03,2.3861000000000001e+02,2.6319000000000000e+04,7.6909999999999998e+00,0.0000000000000000e+00,0.0000000000000000e+00,0.0000000000000000e+00,0.0000000000000000e+00,0.0000000000000000e+00,0.0000000000000000e+00,0
50,Ethylbenzene,00100-41-4,Organic Liquids,1.0617000000000000e+02,1.0617000000000000e+02,7.2270000000000003e+00,0.0000000000000000e+00,0.0000000000000000e+00,1.0853193799999999e-01,0.0000000000000000e+00,0.0000000000000000e+00,0.0000000000000000e+00,0.0000000000000000e+00,6.9749999999999996e+00,1.4242550000000001e+03,2.1321000000000001e+02,0.0000000000000000e+00,0.0000000000000000e+00,0.0000000000000000e+00,0.0000000000000000e+00,1.4036199999999999e+01,8.4232999999999993e+03,1.4400000000000000e+01,6.1970000000000005e+02,0
51,Ethyleneoxide,00075-21-8,Organic Liquids,4.4000000000000000e+01,4.4000000000000000e+01,7.2270000000000003e+00,0.0000000000000000e+00,0.0000000000000000e+00,1.7841670700000002e+01,0.0000000000000000e+00,0.0000000000000000e+00,0.0000000000000000e+00,0.0000000000000000e+00,7.1280000000000001e+00,1.0545400000000000e+03,2.3775999999999999e+02,0.0000000000000000e+00,0.0000000000000000e+00,0.0000000000000000e+00,0.0000000000000000e+00,0.0000000000000000e+00,0.0000000000000000e+00,0.0000000000000000e+00,0.0000000000000000e+00,0
52,Formic acid,00064-18-6,Organic Liquids,4.6000000000000000e+01,4.6000000000000000e+01,1.0182000000000000e+01,0.0000000000000000e+00,0.0000000000000000e+00,5.2066576399999998e-01,0.0000000000000000e+00,0.0000000000000000e+00,0.0000000000000000e+00,0.0000000000000000e+00,7.5810000000000004e+00,1.6992000000000000e+03,2.6069999999999999e+02,0.0000000000000000e+00,0.0000000000000000e+00,0.0000000000000000e+00,0.0000000000000000e+00,0.0000000000000000e+00,0.0000000000000000e+00,0.0000000000000000e+00,0.0000000000000000e+00,0
53,Freon 11,00075-69-4,Organic Liquids,1.3738000000000000e+02,1.3738000000000000e+02,1.2480000000000000e+01,7.0320000000000000e+00,8.8040000000000003e+00,1.0990000000000000e+01,1.3401000000000000e+01,1.6311000000000000e+01,1.9692000000000000e+01,2.3600000000000001e+01,6.8840000000000003e+00,1.0430039999999999e+03,2.3688000000000000e+02,0.0000000000000000e+00,0.0000000000000000e+00,0.0000000000000000e+00,0.0000000000000000e+00,0.0000000000000000e+00,0.0000000000000000e+00,0.0000000000000000e+00,0.0000000000000000e+00,0
54,Furan,00110-00-9,Organic Liquids,6.8079999999999998e+01,6.8079999999999998e+01,7.8209999999999997e+00,0.0000000000000000e+00,0.0000000000000000e+00,7.9610227560000002e+00,0.0000000000000000e+00,0.0000000000000000e+00,0.0000000000000000e+00,0.0000000000000000e+00,6.9749999999999996e+00,1.0608699999999999e+03,2.2774000000000001e+02,0.0000000000000000e+00,0.0000000000000000e+00,0.0000000000000000e+00,0.0000000000000000e+00,0.0000000000000000e+00,0.0000000000000000e+00,0.0000000000000000e+00,0.0000000000000000e+00,0
55,Furfural,00096-01-1,Organic Liquids,9.6090000000000003e+01,9.6090000000000003e+01,9.6479999999999997e+00,0.0000000000000000e+00,0.0000000000000000e+00,1.3821042000000000e-02,0.0000000000000000e+00,0.0000000000000000e+00,0.0000000000000000e+00,0.0000000000000000e+00,6.5750000000000002e+00,1.1987000000000000e+03,1.6280000000000001e+02,0.0000000000000000e+00,0.0000000000000000e+00,0.0000000000000000e+00,0.0000000000000000e+00,0.0000000000000000e+00,0.0000000000000000e+00,0.0000000000000000e+00,0.0000000000000000e+00,0
56,Gasoline (RVP 10),,Petroleum Distillates,9.2000000000000000e+01,6.6000000000000000e+01,5.5999999999999996e+00,3.3999999999999999e+00,4.2000000000000002e+00,5.2000000000000002e+00,6.2000000000000002e+00,7.4000000000000004e+00,8.8000000000000007e+00,1.0500000000000000e+01,0.0000000000000000e+00,0.0000000000000000e+00,0.0000000000000000e+00,0.0000000000000000e+00,0.0000000000000000e+00,1.0000000000000000e+01,3.0000000000000000e+00,0.0000000000000000e+00,0.0000000000000000e+00,0.0000000000000000e+00,0.0000000000000000e+00,0
57,Gasoline (RVP 13),,Petroleum Distillates,9.2000000000000000e+01,6.2000000000000000e+01,5.5999999999999996e+00,4.7000000000000002e+00,5.7000000000000002e+00,6.9000000000000004e+00,8.3000000000000007e+00,9.9000000000000004e+00,1.1699999999999999e+01,1.3800000000000001e+01,0.0000000000000000e+00,0.0000000000000000e+00,0.0000000000000000e+00,0.0000000000000000e+00,0.0000000000000000e+00,1.3000000000000000e+01,3.0000000000000000e+00,0.0000000000000000e+00,0.0000000000000000e+00,0.0000000000000000e+00,0.0000000000000000e+00,0
58,Heptane (-n),00142-82-5,Organic Liquids,1.0020000000000000e+02,1.0020000000000000e+02,5.7270000000000003e+00,2.8999999999999998e-01,4.0600000000000003e-01,5.4100000000000004e-01,7.3499999999999999e-01,9.6699999999999997e-01,1.2380000000000000e+00,1.5860000000000001e+00,0.0000000000000000e+00,0.0000000000000000e+00,0.0000000000000000e+00,3.7358000000000000e+04,8.2584999999999997e+00,0.0000000000000000e+00,0.0000000000000000e+00,1.3983499999999999e+01,7.6158000000000002e+03,-2.9199999999999999e+01,4.7750000000000000e+02,0
59,Hexane (-n),00110-54-3,Organic Liquids,8.6170000000000002e+01,8.6170000000000002e+01,5.5270000000000001e+00,1.1020000000000001e+00,1.4500000000000000e+00,1.8759999999999999e+00,2.4359999999999999e+00,3.0550000000000002e+00,3.9060000000000001e+00,4.8920000000000003e+00,6.8760000000000003e+00,1.1711700000000001e+03,2.2441000000000000e+02,3.1679000000000000e+04,7.7240000000000002e+00,0.0000000000000000e+00,0.0000000000000000e+00,1.3823600000000001e+01,6.9071999999999998e+03,-6.5000000000000000e+01,4.0889999999999998e+02,0
60,Hexanol (-1),00111-27-3,Organic Liquids,1.0218000000000001e+02,1.0218000000000001e+02,6.7599999999999998e+00,0.0000000000000000e+00,0.0000000000000000e+00,7.0306250000000004e-03,0.0000000000000000e+00,0.0000000000000000e+00,0.0000000000000000e+00,0.0000000000000000e+00,7.8600000000000003e+00,1.7612600000000000e+03,1.9666000000000000e+02,0.0000000000000000e+00,0.0000000000000000e+00,0.0000000000000000e+00,0.0000000000000000e+00,0.0000000000000000e+00,0.0000000000000000e+00,0.0000000000000000e+00,0.0000000000000000e+00,0
61,Hydrogen cyanide,00074-90-8,Organic Liquids,2.7030000000000001e+01,2.7030000000000001e+01,5.7720000000000002e+00,6.2839999999999998e+00,7.8310000000000004e+00,9.5139999999999993e+00,1.1853000000000000e+01,1.5391999999999999e+01,1.8562999999999999e+01,2.2236999999999998e+01,7.5279999999999996e+00,1.3295000000000000e+03,2.6039999999999998e+02,0.0000000000000000e+00,0.0000000000000000e+00,0.0000000000000000e+00,0.0000000000000000e+00,0.0000000000000000e+00,0.0000000000000000e+00,0.0000000000000000e+00,0.0000000000000000e+00,0
62,Iso-butyl alcohol,00078-83-1,Organic Liquids,7.4120000000000005e+01,7.4120000000000005e+01,6.7119999999999997e+00,,,,,,,,7.3063599999999997e+00,1.2369910000000000e+03,1.7162200000000001e+02,0.0000000000000000e+00,0.0000000000000000e+00,0.0000000000000000e+00,0.0000000000000000e+00,0.0000000000000000e+00,0.0000000000000000e+00,0.0000000000000000e+00,0.0000000000000000e+00,0
64,Isopentane,00078-78-4,Organic Liquids,7.2150000000000006e+01,7.2150000000000006e+01,5.1989999999999998e+00,5.8780000000000001e+00,7.8890000000000002e+00,1.0005000000000001e+01,1.2529999999999999e+01,1.5334000000000000e+01,1.8370000000000001e+01,2.1657000000000000e+01,0.0000000000000000e+00,0.0000000000000000e+00,0.0000000000000000e+00,0.0000000000000000e+00,0.0000000000000000e+00,0.0000000000000000e+00,0.0000000000000000e+00,0.0000000000000000e+00,0.0000000000000000e+00,0.0000000000000000e+00,0.0000000000000000e+00,0
65,Isoprene,00078-79-5,Organic Liquids,6.8109999999999999e+01,6.8109999999999999e+01,5.7069999999999999e+00,4.7569999999999997e+00,6.1299999999999999e+00,7.6769999999999996e+00,9.6679999999999993e+00,1.1699000000000000e+01,1.4503000000000000e+01,1.7113000000000000e+01,0.0000000000000000e+00,0.0000000000000000e+00,0.0000000000000000e+00,0.0000000000000000e+00,0.0000000000000000e+00,0.0000000000000000e+00,0.0000000000000000e+00,0.0000000000000000e+00,0.0000000000000000e+00,0.0000000000000000e+00,0.0000000000000000e+00,0
66,Isopropyl alcohol,00067-63-0,Organic Liquids,6.0090000000000003e+01,6.0090000000000003e+01,6.5730000000000004e+00,2.1299999999999999e-01,3.2900000000000001e-01,4.8299999999999998e-01,6.7700000000000005e-01,9.2800000000000005e-01,1.2960000000000000e+00,1.7789999999999999e+00,8.1176999999999992e+00,1.5809200000000001e+03,2.1961000000000001e+02,0.0000000000000000e+00,0.0000000000000000e+00,0.0000000000000000e+00,0.0000000000000000e+00,1.6768699999999999e+01,9.1136000000000004e+03,-1.5000000000000000e+01,4.4960000000000002e+02,0
67,Isopropyl benzene,00098-82-8,Organic Liquids,1.2020000000000000e+02,1.2020000000000000e+02,7.2110000000000003e+00,0.0000000000000000e+00,0.0000000000000000e+00,5.1119483000000000e-02,0.0000000000000000e+00,0.0000000000000000e+00,0.0000000000000000e+00,0.0000000000000000e+00,6.9366599999999998e+00,1.4607929999999999e+03,2.0778000000000000e+02,0.0000000000000000e+00,0.0000000000000000e+00,0.0000000000000000e+00,0.0000000000000000e+00,1.5008599999999999e+01,9.3597000000000007e+03,3.7200000000000003e+01,3.0630000000000001e+02,0
68,Jet kerosene,,Petroleum Distillates,1.6200000000000000e+02,1.3000000000000000e+02,7.0000000000000000e+00,4.1000000000000003e-03,6.0000000000000001e-03,8.5000000000000006e-03,1.0999999999999999e-02,1.4999999999999999e-02,2.1000000000000001e-02,2.9000000000000001e-02,0.0000000000000000e+00,0.0000000000000000e+00,0.0000000000000000e+00,0.0000000000000000e+00,0.0000000000000000e+00,0.0000000000000000e+00,0.0000000000000000e+00,1.2390000000000001e+01,8.9330000000000000e+03,4.0000000000000000e+01,1.0000000000000000e+02,0
69,Jet naphtha (JP-4),,Petroleum Distillates,1.2000000000000000e+02,8.0000000000000000e+01,6.4000000000000004e+00,8.0000000000000004e-01,1.0000000000000000e+00,1.3000000000000000e+00,1.6000000000000001e+00,1.8999999999999999e+00,2.3999999999999999e+00,2.7000000000000002e+00,0.0000000000000000e+00,0.0000000000000000e+00,0.0000000000000000e+00,0.0000000000000000e+00,0.0000000000000000e+00,0.0000000000000000e+00,0.0000000000000000e+00,1.1368000000000000e+01,5.7843000000000002e+03,4.0000000000000000e+01,1.0000000000000000e+02,0
70,Methacrylonitrile,00126-98-7,Organic Liquids,6.7090000000000003e+01,6.7090000000000003e+01,6.7380000000000004e+00,4.8299999999999998e-01,6.5700000000000003e-01,8.7000000000000000e-01,1.1599999999999999e+00,1.4700000000000000e+00,1.9339999999999999e+00,2.4560000000000000e+00,0.0000000000000000e+00,0.0000000000000000e+00,0.0000000000000000e+00,0.0000000000000000e+00,0.0000000000000000e+00,0.0000000000000000e+00,0.0000000000000000e+00,0.0000000000000000e+00,0.0000000000000000e+00,0.0000000000000000e+00,0.0000000000000000e+00,0
71,Methyl acetate,00079-20-9,Organic Liquids,7.4079999999999998e+01,7.4079999999999998e+01,7.8310000000000004e+00,1.4890000000000001e+00,2.0110000000000001e+00,2.7460000000000000e+00,3.6930000000000001e+00,4.6989999999999998e+00,5.7619999999999996e+00,6.9610000000000003e+00,7.0650000000000004e+00,1.1576300000000001e+03,2.1972999999999999e+02,0.0000000000000000e+00,0.0000000000000000e+00,0.0000000000000000e+00,0.0000000000000000e+00,1.4334000000000000e+01,7.0028999999999996e+03,-7.1000000000000000e+01,4.3700000000000000e+02,0
171,Xylene (-p),00106-42-3,Organic Liquids,1.0617000000000000e+02,1.0617000000000000e+02,7.1779999999999999e+00,,,,,,,,7.0206299999999997e+00,1.4744030000000000e+03,2.1777300000000000e+02,0.0000000000000000e+00,0.0000000000000000e+00,0.0000000000000000e+00,0.0000000000000000e+00,0.0000000000000000e+00,0.0000000000000000e+00,0.0000000000000000e+00,0.0000000000000000e+00,0
72,Methyl acrylate,00096-33-3,Organic Liquids,8.6090000000000003e+01,8.6090000000000003e+01,7.9960000000000004e+00,5.9899999999999998e-01,7.7300000000000002e-01,1.0249999999999999e+00,1.3540000000000001e+00,1.7980000000000000e+00,2.3980000000000001e+00,3.0550000000000002e+00,0.0000000000000000e+00,0.0000000000000000e+00,0.0000000000000000e+00,0.0000000000000000e+00,0.0000000000000000e+00,0.0000000000000000e+00,0.0000000000000000e+00,1.4997100000000000e+01,7.7863999999999996e+03,-4.6700000000000003e+01,1.7640000000000001e+02,0
73,Methyl alcohol,00067-56-1,Organic Liquids,3.2039999999999999e+01,3.2039999999999999e+01,6.6299999999999999e+00,7.3499999999999999e-01,1.0060000000000000e+00,1.4119999999999999e+00,1.9530000000000001e+00,2.6099999999999999e+00,3.4609999999999999e+00,4.5250000000000004e+00,7.8970000000000002e+00,1.4740799999999999e+03,2.2913000000000000e+02,3.8324000000000000e+04,8.8017000000000003e+00,0.0000000000000000e+00,0.0000000000000000e+00,1.5948200000000000e+01,8.1313000000000002e+03,-4.7200000000000003e+01,4.3519999999999999e+02,0
74,Methyl ethyl ketone,00078-93-3,Organic Liquids,7.2099999999999994e+01,7.2099999999999994e+01,6.7469999999999999e+00,7.1499999999999997e-01,9.2800000000000005e-01,1.1990000000000001e+00,1.4890000000000001e+00,2.0690000000000000e+00,2.6680000000000001e+00,3.3450000000000002e+00,6.8644999999999996e+00,1.1502070000000001e+03,2.0924600000000001e+02,0.0000000000000000e+00,0.0000000000000000e+00,0.0000000000000000e+00,0.0000000000000000e+00,1.4381200000000000e+01,7.3801999999999998e+03,-5.4899999999999999e+01,1.7530000000000001e+02,0
75,Methyl isobutyl ketone,00108-10-1,Organic Liquids,1.0020000000000000e+02,1.0020000000000000e+02,6.6769999999999996e+00,0.0000000000000000e+00,0.0000000000000000e+00,2.1199999400000000e-01,0.0000000000000000e+00,0.0000000000000000e+00,0.0000000000000000e+00,0.0000000000000000e+00,6.6719999999999997e+00,1.1684000000000001e+03,1.9190000000000001e+02,0.0000000000000000e+00,0.0000000000000000e+00,0.0000000000000000e+00,0.0000000000000000e+00,0.0000000000000000e+00,0.0000000000000000e+00,0.0000000000000000e+00,0.0000000000000000e+00,0
76,Methyl methacrylate,00080-62-6,Organic Liquids,1.0011000000000000e+02,1.0011000000000000e+02,7.9089999999999998e+00,1.1600000000000001e-01,2.1299999999999999e-01,3.4799999999999998e-01,5.4100000000000004e-01,7.7300000000000002e-01,1.0640000000000001e+00,1.3730000000000000e+00,8.4090000000000007e+00,2.0505000000000000e+03,2.7439999999999998e+02,0.0000000000000000e+00,0.0000000000000000e+00,0.0000000000000000e+00,0.0000000000000000e+00,1.4799500000000000e+01,8.1276999999999998e+03,-2.2899999999999999e+01,2.1380000000000001e+02,0
77,Methyl propyl ether,00557-17-5,Organic Liquids,7.4120000000000005e+01,7.4120000000000005e+01,6.1660000000000004e+00,3.6739999999999999e+00,4.7380000000000004e+00,6.0165720000000000e+00,7.0579999999999998e+00,9.4169999999999998e+00,1.1602000000000000e+01,1.3728999999999999e+01,6.1185999999999998e+00,7.0869000000000005e+02,1.7990000000000001e+02,0.0000000000000000e+00,0.0000000000000000e+00,0.0000000000000000e+00,0.0000000000000000e+00,0.0000000000000000e+00,0.0000000000000000e+00,0.0000000000000000e+00,0.0000000000000000e+00,0
78,Methyl styrene (alpha),00098-83-9,Organic Liquids,1.1800000000000000e+02,1.1800000000000000e+02,7.5860000000000003e+00,0.0000000000000000e+00,0.0000000000000000e+00,2.4403059000000001e-02,0.0000000000000000e+00,0.0000000000000000e+00,0.0000000000000000e+00,0.0000000000000000e+00,6.9230000000000000e+00,1.4868800000000001e+03,2.0240000000000001e+02,0.0000000000000000e+00,0.0000000000000000e+00,0.0000000000000000e+00,0.0000000000000000e+00,0.0000000000000000e+00,0.0000000000000000e+00,0.0000000000000000e+00,0.0000000000000000e+00,0
79,Methylcyclohexane,00108-87-2,Organic Liquids,9.8180000000000007e+01,9.8180000000000007e+01,6.4409999999999998e+00,3.0900000000000000e-01,4.2499999999999999e-01,5.5870399999999998e-01,7.3499999999999999e-01,9.8599999999999999e-01,1.3149999999999999e+00,1.7210000000000001e+00,6.8230000000000004e+00,1.2707629999999999e+03,2.2141999999999999e+02,0.0000000000000000e+00,0.0000000000000000e+00,0.0000000000000000e+00,0.0000000000000000e+00,0.0000000000000000e+00,0.0000000000000000e+00,0.0000000000000000e+00,0.0000000000000000e+00,0
80,Methylcyclopentane,00096-37-7,Organic Liquids,8.4159999999999997e+01,8.4159999999999997e+01,6.2740000000000000e+00,9.0900000000000003e-01,1.1599999999999999e+00,1.7383980000000001e+00,2.2240000000000002e+00,2.8620000000000001e+00,3.6160000000000001e+00,4.5439999999999996e+00,6.8628000000000000e+00,1.1860590000000000e+03,2.2603999999999999e+02,0.0000000000000000e+00,0.0000000000000000e+00,0.0000000000000000e+00,0.0000000000000000e+00,0.0000000000000000e+00,0.0000000000000000e+00,0.0000000000000000e+00,0.0000000000000000e+00,0
81,Methylene chloride,00075-09-2,Organic Liquids,8.4939999999999998e+01,8.4939999999999998e+01,1.1122000000000000e+01,3.0939999999999999e+00,4.2539999999999996e+00,5.4340000000000002e+00,6.7869999999999999e+00,8.7020000000000000e+00,1.0329000000000001e+01,1.3342000000000001e+01,7.4089999999999998e+00,1.3259000000000001e+03,2.5259999999999999e+02,0.0000000000000000e+00,0.0000000000000000e+00,0.0000000000000000e+00,0.0000000000000000e+00,1.4897000000000000e+01,6.8575000000000000e+03,-9.4000000000000000e+01,1.0530000000000000e+02,0
82,Morpholine,00110-91-8,Organic Liquids,8.7120000000000005e+01,8.7120000000000005e+01,8.3369999999999997e+00,0.0000000000000000e+00,0.0000000000000000e+00,1.0883519600000000e-01,0.0000000000000000e+00,0.0000000000000000e+00,0.0000000000000000e+00,0.0000000000000000e+00,7.7180999999999997e+00,1.7458000000000000e+03,2.3500000000000000e+02,0.0000000000000000e+00,0.0000000000000000e+00,0.0000000000000000e+00,0.0000000000000000e+00,0.0000000000000000e+00,0.0000000000000000e+00,0.0000000000000000e+00,0.0000000000000000e+00,0
83,Nitrobenzene,00098-95-3,Organic Liquids,1.2309999999999999e+02,1.2309999999999999e+02,1.0057000000000000e+01,0.0000000000000000e+00,0.0000000000000000e+00,2.3211550000000001e-03,0.0000000000000000e+00,0.0000000000000000e+00,0.0000000000000000e+00,0.0000000000000000e+00,7.1150000000000002e+00,1.7465999999999999e+03,2.0180000000000001e+02,0.0000000000000000e+00,0.0000000000000000e+00,0.0000000000000000e+00,0.0000000000000000e+00,0.0000000000000000e+00,0.0000000000000000e+00,0.0000000000000000e+00,0.0000000000000000e+00,0
84,Nitromethane,00075-52-5,Organic Liquids,6.1039999999999999e+01,6.1039999999999999e+01,9.5380000000000003e+00,2.1299999999999999e-01,2.5100000000000000e-01,3.4799999999999998e-01,5.0300000000000000e-01,7.1499999999999997e-01,1.0060000000000000e+00,1.3340000000000001e+00,0.0000000000000000e+00,0.0000000000000000e+00,0.0000000000000000e+00,0.0000000000000000e+00,0.0000000000000000e+00,0.0000000000000000e+00,0.0000000000000000e+00,0.0000000000000000e+00,0.0000000000000000e+00,0.0000000000000000e+00,0.0000000000000000e+00,0
85,Nonane (-n),00111-84-2,Organic Liquids,1.2825999999999999e+02,1.2825999999999999e+02,5.9920000000000000e+00,4.0291000000000000e-02,5.1284999999999997e-02,6.5278000000000003e-02,8.3089999999999997e-02,1.0576199999999999e-01,1.3461999999999999e-01,1.7135300000000001e-01,0.0000000000000000e+00,0.0000000000000000e+00,0.0000000000000000e+00,0.0000000000000000e+00,0.0000000000000000e+00,0.0000000000000000e+00,0.0000000000000000e+00,1.5240600000000001e+01,9.4697999999999993e+03,3.6299999999999997e+01,3.0110000000000002e+02,0
86,Octane (-n),00111-65-9,Organic Liquids,1.1423000000000000e+02,1.1423000000000000e+02,5.8670000000000000e+00,8.6844000000000005e-02,1.1238800000000000e-01,1.4544399999999999e-01,1.8822400000000000e-01,2.4358600000000000e-01,3.1523200000000001e-01,4.0795100000000001e-01,0.0000000000000000e+00,0.0000000000000000e+00,0.0000000000000000e+00,0.0000000000000000e+00,0.0000000000000000e+00,0.0000000000000000e+00,0.0000000000000000e+00,1.4230900000000000e+01,8.3506000000000004e+03,6.7999999999999998e+00,5.3850000000000000e+02,0
87,Pentachloroethane,00076-01-7,Organic Liquids,2.0230000000000001e+02,2.0230000000000001e+02,1.3946999999999999e+01,0.0000000000000000e+00,0.0000000000000000e+00,3.4944157000000003e-02,0.0000000000000000e+00,0.0000000000000000e+00,0.0000000000000000e+00,0.0000000000000000e+00,6.7400000000000002e+00,1.3780000000000000e+03,1.9700000000000000e+02,0.0000000000000000e+00,0.0000000000000000e+00,0.0000000000000000e+00,0.0000000000000000e+00,0.0000000000000000e+00,0.0000000000000000e+00,0.0000000000000000e+00,0.0000000000000000e+00,0
88,Pentane (-n),00109-66-0,Organic Liquids,7.2150000000000006e+01,7.2150000000000006e+01,5.2530000000000001e+00,4.2930000000000001e+00,5.4539999999999997e+00,6.8280000000000003e+00,8.4329999999999998e+00,1.0445000000000000e+01,1.2959000000000000e+01,1.5474000000000000e+01,0.0000000000000000e+00,0.0000000000000000e+00,0.0000000000000000e+00,2.7691000000000000e+04,7.5579999999999998e+00,0.0000000000000000e+00,0.0000000000000000e+00,1.3299899999999999e+01,5.9726000000000004e+03,-1.0590000000000001e+02,3.7630000000000001e+02,0
89,Picoline (-2),00108-99-6,Organic Liquids,9.3120000000000005e+01,9.3120000000000005e+01,7.9279999999999999e+00,0.0000000000000000e+00,0.0000000000000000e+00,1.2211904100000000e-01,0.0000000000000000e+00,0.0000000000000000e+00,0.0000000000000000e+00,0.0000000000000000e+00,7.0320000000000000e+00,1.4157300000000000e+03,2.1163000000000000e+02,0.0000000000000000e+00,0.0000000000000000e+00,0.0000000000000000e+00,0.0000000000000000e+00,0.0000000000000000e+00,0.0000000000000000e+00,0.0000000000000000e+00,0.0000000000000000e+00,0
90,Propylamine (-n),00107-10-8,Organic Liquids,5.9109999999999999e+01,5.9109999999999999e+01,6.0300000000000002e+00,2.4560000000000000e+00,3.1909999999999998e+00,4.1570000000000000e+00,5.2500000000000000e+00,6.5359999999999996e+00,8.0440000000000005e+00,9.5719999999999992e+00,0.0000000000000000e+00,0.0000000000000000e+00,0.0000000000000000e+00,0.0000000000000000e+00,0.0000000000000000e+00,0.0000000000000000e+00,0.0000000000000000e+00,0.0000000000000000e+00,0.0000000000000000e+00,0.0000000000000000e+00,0.0000000000000000e+00,0
91,Propylene glycol,00057-55-6,Organic Liquids,7.6109999999999999e+01,7.6109999999999999e+01,8.6460000000000008e+00,0.0000000000000000e+00,0.0000000000000000e+00,9.4206800000000001e-04,0.0000000000000000e+00,0.0000000000000000e+00,0.0000000000000000e+00,0.0000000000000000e+00,8.2081999999999997e+00,2.0859000000000001e+03,2.0353999999999999e+02,0.0000000000000000e+00,0.0000000000000000e+00,0.0000000000000000e+00,0.0000000000000000e+00,0.0000000000000000e+00,0.0000000000000000e+00,0.0000000000000000e+00,0.0000000000000000e+00,0
92,Propylene oxide,00075-56-9,Organic Liquids,5.8100000000000001e+01,5.8100000000000001e+01,7.1689999999999996e+00,0.0000000000000000e+00,0.0000000000000000e+00,6.6738212760000000e+00,0.0000000000000000e+00,0.0000000000000000e+00,0.0000000000000000e+00,0.0000000000000000e+00,7.0670999999999999e+00,1.1332670000000001e+03,2.3610540000000000e+02,0.0000000000000000e+00,0.0000000000000000e+00,0.0000000000000000e+00,0.0000000000000000e+00,0.0000000000000000e+00,0.0000000000000000e+00,0.0000000000000000e+00,0.0000000000000000e+00,0
93,Pyridine,00110-86-1,Organic Liquids,7.9099999999999994e+01,7.9099999999999994e+01,8.1620000000000008e+00,0.0000000000000000e+00,0.0000000000000000e+00,2.3346297099999999e-01,0.0000000000000000e+00,0.0000000000000000e+00,0.0000000000000000e+00,0.0000000000000000e+00,7.0410000000000004e+00,1.3738000000000000e+03,2.1497999999999999e+02,0.0000000000000000e+00,0.0000000000000000e+00,0.0000000000000000e+00,0.0000000000000000e+00,0.0000000000000000e+00,0.0000000000000000e+00,0.0000000000000000e+00,0.0000000000000000e+00,0
94,Residual oil no. 6,,Petroleum Distillates,3.8700000000000000e+02,1.9000000000000000e+02,7.9000000000000004e+00,2.0000000000000002e-05,3.0000000000000001e-05,4.0000000000000003e-05,6.0000000000000002e-05,9.0000000000000006e-05,1.2999999999999999e-04,1.9000000000000001e-04,0.0000000000000000e+00,0.0000000000000000e+00,0.0000000000000000e+00,0.0000000000000000e+00,0.0000000000000000e+00,0.0000000000000000e+00,0.0000000000000000e+00,1.0103999999999999e+01,1.0475000000000000e+04,4.0000000000000000e+01,1.0000000000000000e+02,0
95,Resorcinol,00108-46-3,Organic Liquids,1.1011000000000000e+02,1.1011000000000000e+02,1.0616000000000000e+01,0.0000000000000000e+00,0.0000000000000000e+00,7.3022000000000007e-05,0.0000000000000000e+00,0.0000000000000000e+00,0.0000000000000000e+00,0.0000000000000000e+00,6.9242999999999997e+00,1.8845470000000000e+03,1.8606000000000000e+02,0.0000000000000000e+00,0.0000000000000000e+00,0.0000000000000000e+00,0.0000000000000000e+00,0.0000000000000000e+00,0.0000000000000000e+00,0.0000000000000000e+00,0.0000000000000000e+00,0
96,Styrene,00100-42-5,Organic Liquids,1.0415000000000001e+02,1.0415000000000001e+02,7.5599999999999996e+00,0.0000000000000000e+00,0.0000000000000000e+00,7.1816471000000007e-02,0.0000000000000000e+00,0.0000000000000000e+00,0.0000000000000000e+00,0.0000000000000000e+00,7.1399999999999997e+00,1.5745100000000000e+03,2.2409000000000000e+02,0.0000000000000000e+00,0.0000000000000000e+00,0.0000000000000000e+00,0.0000000000000000e+00,1.4295400000000001e+01,8.7252000000000007e+03,1.9399999999999999e+01,2.9339999999999998e+02,0
97,"Tetrachloroethane (1,1,1,2)",00630-20-6,Organic Liquids,1.6784999999999999e+02,1.6784999999999999e+02,1.3336000000000000e+01,0.0000000000000000e+00,0.0000000000000000e+00,1.3236449400000000e-01,0.0000000000000000e+00,0.0000000000000000e+00,0.0000000000000000e+00,0.0000000000000000e+00,6.8979999999999997e+00,1.3658800000000001e+03,2.0974000000000001e+02,0.0000000000000000e+00,0.0000000000000000e+00,0.0000000000000000e+00,0.0000000000000000e+00,0.0000000000000000e+00,0.0000000000000000e+00,0.0000000000000000e+00,0.0000000000000000e+00,0
98,"Tetrachloroethane (1,1,2,2)",00079-34-5,Organic Liquids,1.6784999999999999e+02,1.6784999999999999e+02,1.3236000000000001e+01,0.0000000000000000e+00,0.0000000000000000e+00,4.3064131999999998e-02,0.0000000000000000e+00,0.0000000000000000e+00,0.0000000000000000e+00,0.0000000000000000e+00,6.6310000000000002e+00,1.2280999999999999e+03,1.7990000000000001e+02,0.0000000000000000e+00,0.0000000000000000e+00,0.0000000000000000e+00,0.0000000000000000e+00,0.0000000000000000e+00,0.0000000000000000e+00,0.0000000000000000e+00,0.0000000000000000e+00,0
99,Tetrachloroethylene,00127-18-4,Organic Liquids,1.6583000000000001e+02,1.6583000000000001e+02,1.3545000000000000e+01,0.0000000000000000e+00,0.0000000000000000e+00,2.0707328999999999e-01,0.0000000000000000e+00,0.0000000000000000e+00,0.0000000000000000e+00,0.0000000000000000e+00,6.9800000000000004e+00,1.3869200000000001e+03,2.1753000000000000e+02,0.0000000000000000e+00,0.0000000000000000e+00,0.0000000000000000e+00,0.0000000000000000e+00,0.0000000000000000e+00,0.0000000000000000e+00,0.0000000000000000e+00,0.0000000000000000e+00,0
100,Tetrahydrofuran,00109-99-9,Organic Liquids,7.2120000000000005e+01,7.2120000000000005e+01,7.4210000000000003e+00,0.0000000000000000e+00,0.0000000000000000e+00,2.0382150160000001e+00,0.0000000000000000e+00,0.0000000000000000e+00,0.0000000000000000e+00,0.0000000000000000e+00,6.9950000000000001e+00,1.2022900000000000e+03,2.2625000000000000e+02,0.0000000000000000e+00,0.0000000000000000e+00,0.0000000000000000e+00,0.0000000000000000e+00,0.0000000000000000e+00,0.0000000000000000e+00,0.0000000000000000e+00,0.0000000000000000e+00,0
101,Toluene,00108-88-3,Organic Liquids,9.2129999999999995e+01,9.2129999999999995e+01,7.2610000000000001e+00,1.7399999999999999e-01,2.1299999999999999e-01,3.0900000000000000e-01,4.2499999999999999e-01,5.7999999999999996e-01,7.7300000000000002e-01,1.0060000000000000e+00,6.9539999999999997e+00,1.3448000000000000e+03,2.1947999999999999e+02,3.9198000000000000e+04,8.3300000000000001e+00,0.0000000000000000e+00,0.0000000000000000e+00,1.3828799999999999e+01,7.7706000000000004e+03,-1.6100000000000001e+01,6.0620000000000005e+02,0
102,"Trichloro(1,1,2)trifluoroethane",00076-13-1,Organic Liquids,1.8738000000000000e+02,1.8738000000000000e+02,1.3178000000000001e+01,0.0000000000000000e+00,0.0000000000000000e+00,4.3760542149999999e+00,0.0000000000000000e+00,0.0000000000000000e+00,0.0000000000000000e+00,0.0000000000000000e+00,6.8799999999999999e+00,1.0999000000000001e+03,2.2750000000000000e+02,0.0000000000000000e+00,0.0000000000000000e+00,0.0000000000000000e+00,0.0000000000000000e+00,0.0000000000000000e+00,0.0000000000000000e+00,0.0000000000000000e+00,0.0000000000000000e+00,0
103,"Trichloroethane (1,1,1)",00071-55-6,Organic Liquids,1.3341999999999999e+02,1.3341999999999999e+02,1.1215999999999999e+01,9.0900000000000003e-01,1.2180000000000000e+00,1.5860000000000001e+00,2.0299999999999998e+00,2.6099999999999999e+00,3.3069999999999999e+00,4.1989999999999998e+00,8.6430000000000007e+00,2.1365999999999999e+03,3.0280000000000001e+02,0.0000000000000000e+00,0.0000000000000000e+00,0.0000000000000000e+00,0.0000000000000000e+00,1.4373400000000000e+01,7.2563999999999996e+03,-6.1600000000000001e+01,1.6540000000000001e+02,0
104,"Trichloroethane (1,1,2)",00079-00-5,Organic Liquids,1.3340000000000001e+02,1.3340000000000001e+02,1.1163000000000000e+01,0.0000000000000000e+00,0.0000000000000000e+00,2.4502463699999999e-01,0.0000000000000000e+00,0.0000000000000000e+00,0.0000000000000000e+00,0.0000000000000000e+00,6.9509999999999996e+00,1.3144100000000001e+03,2.0919999999999999e+02,0.0000000000000000e+00,0.0000000000000000e+00,0.0000000000000000e+00,0.0000000000000000e+00,0.0000000000000000e+00,0.0000000000000000e+00,0.0000000000000000e+00,0.0000000000000000e+00,0
105,Trichloroethylene,00079-01-6,Organic Liquids,1.3140000000000001e+02,1.3140000000000001e+02,1.2272000000000000e+01,5.0300000000000000e-01,6.7700000000000005e-01,8.8900000000000001e-01,1.1799999999999999e+00,1.5080000000000000e+00,2.0299999999999998e+00,2.6099999999999999e+00,6.5179999999999998e+00,1.0186000000000000e+03,1.9269999999999999e+02,0.0000000000000000e+00,0.0000000000000000e+00,0.0000000000000000e+00,0.0000000000000000e+00,1.4374400000000000e+01,7.5298000000000002e+03,-4.6799999999999997e+01,1.8809999999999999e+02,0
106,"Trichloropropane (1,2,3)",00096-18-4,Organic Liquids,1.4743000000000001e+02,1.4743000000000001e+02,1.1574999999999999e+01,0.0000000000000000e+00,0.0000000000000000e+00,1.3919399612000001e+02,0.0000000000000000e+00,0.0000000000000000e+00,0.0000000000000000e+00,0.0000000000000000e+00,6.9029999999999996e+00,7.8820000000000005e+02,2.4322999999999999e+02,0.0000000000000000e+00,0.0000000000000000e+00,0.0000000000000000e+00,0.0000000000000000e+00,0.0000000000000000e+00,0.0000000000000000e+00,0.0000000000000000e+00,0.0000000000000000e+00,0
107,Vinyl acetate,00108-05-4,Organic Liquids,8.6090000000000003e+01,8.6090000000000003e+01,7.8170000000000002e+00,7.3499999999999999e-01,9.8599999999999999e-01,1.2960000000000000e+00,1.7210000000000001e+00,2.2620000000000000e+00,3.1130000000000000e+00,4.0220000000000002e+00,7.2100000000000000e+00,1.2961300000000001e+03,2.2666000000000000e+02,0.0000000000000000e+00,0.0000000000000000e+00,0.0000000000000000e+00,0.0000000000000000e+00,1.5032400000000001e+01,7.6708999999999996e+03,-5.4399999999999999e+01,1.6250000000000000e+02,0
108,Vinylidene chloride,00075-35-4,Organic Liquids,9.6500000000000000e+01,9.6500000000000000e+01,1.0382999999999999e+01,4.9900000000000002e+00,6.3440000000000003e+00,7.9299999999999997e+00,9.8059999999999992e+00,1.1798999999999999e+01,1.5279999999999999e+01,2.3210000000000001e+01,6.9720000000000004e+00,1.0994000000000001e+03,2.3719999999999999e+02,0.0000000000000000e+00,0.0000000000000000e+00,0.0000000000000000e+00,0.0000000000000000e+00,1.4675599999999999e+01,6.5311000000000004e+03,-1.0700000000000000e+02,8.9099999999999994e+01,0
109,Xylene (-m),00108-38-3,Organic Liquids,1.0617000000000000e+02,1.0617000000000000e+02,7.2439999999999998e+00,0.0000000000000000e+00,0.0000000000000000e+00,1.2945584500000001e-01,0.0000000000000000e+00,0.0000000000000000e+00,0.0000000000000000e+00,0.0000000000000000e+00,7.0090000000000003e+00,1.4622660000000001e+03,2.1511000000000001e+02,0.0000000000000000e+00,0.0000000000000000e+00,0.0000000000000000e+00,0.0000000000000000e+00,0.0000000000000000e+00,0.0000000000000000e+00,0.0000000000000000e+00,0.0000000000000000e+00,0
110,Xylene (-o),00095-47-6,Organic Liquids,1.0617000000000000e+02,1.0617000000000000e+02,7.3449999999999998e+00,0.0000000000000000e+00,0.0000000000000000e+00,7.1061941000000003e-02,0.0000000000000000e+00,0.0000000000000000e+00,0.0000000000000000e+00,0.0000000000000000e+00,6.9980000000000002e+00,1.4746790000000001e+03,2.1369000000000000e+02,0.0000000000000000e+00,0.0000000000000000e+00,0.0000000000000000e+00,0.0000000000000000e+00,1.4814700000000000e+01,9.0547000000000007e+03,2.5199999999999999e+01,2.9189999999999998e+02,0
111,1-Chlorobutane,00109-63-9,Organic Liquids,9.2569999999999993e+01,9.2569999999999993e+01,7.3799999999999999e+00,0.0000000000000000e+00,0.0000000000000000e+00,1.2606450000000000e+00,0.0000000000000000e+00,0.0000000000000000e+00,0.0000000000000000e+00,0.0000000000000000e+00,6.8369000000000000e+00,1.1737900000000000e+03,2.1813000000000000e+02,0.0000000000000000e+00,0.0000000000000000e+00,0.0000000000000000e+00,0.0000000000000000e+00,0.0000000000000000e+00,0.0000000000000000e+00,0.0000000000000000e+00,0.0000000000000000e+00,0
112,2-Chlorobutane,00078-86-4,Organic Liquids,9.2569999999999993e+01,9.2569999999999993e+01,7.2699999999999996e+00,0.0000000000000000e+00,0.0000000000000000e+00,2.0068589999999999e+00,0.0000000000000000e+00,0.0000000000000000e+00,0.0000000000000000e+00,0.0000000000000000e+00,6.7991999999999999e+00,1.1491199999999999e+03,2.2468000000000001e+02,0.0000000000000000e+00,0.0000000000000000e+00,0.0000000000000000e+00,0.0000000000000000e+00,0.0000000000000000e+00,0.0000000000000000e+00,0.0000000000000000e+00,0.0000000000000000e+00,0
113,o-Chlorotoluene,00095-49-8,Organic Liquids,1.2659000000000000e+02,1.2659000000000000e+02,9.0199999999999996e+00,0.0000000000000000e+00,0.0000000000000000e+00,3.8524000000000003e-02,0.0000000000000000e+00,0.0000000000000000e+00,0.0000000000000000e+00,0.0000000000000000e+00,7.3678999999999997e+00,1.7358000000000000e+03,2.3000000000000000e+02,0.0000000000000000e+00,0.0000000000000000e+00,0.0000000000000000e+00,0.0000000000000000e+00,0.0000000000000000e+00,0.0000000000000000e+00,0.0000000000000000e+00,0.0000000000000000e+00,0
114,Cyclohexene,00110-83-8,Organic Liquids,8.2150000000000006e+01,8.2150000000000006e+01,6.7500000000000000e+00,0.0000000000000000e+00,0.0000000000000000e+00,1.0977809999999999e+00,0.0000000000000000e+00,0.0000000000000000e+00,0.0000000000000000e+00,0.0000000000000000e+00,6.8860999999999999e+00,1.2299730000000000e+03,2.2409999999999999e+02,0.0000000000000000e+00,0.0000000000000000e+00,0.0000000000000000e+00,0.0000000000000000e+00,0.0000000000000000e+00,0.0000000000000000e+00,0.0000000000000000e+00,0.0000000000000000e+00,0
115,Cyclopentanone,00120-92-3,Organic Liquids,8.4120000000000005e+01,8.4120000000000005e+01,7.9000000000000004e+00,0.0000000000000000e+00,0.0000000000000000e+00,1.3218700000000000e-01,0.0000000000000000e+00,0.0000000000000000e+00,0.0000000000000000e+00,0.0000000000000000e+00,2.9024000000000001e+00,1.6290000000000001e+02,6.3219999999999999e+01,0.0000000000000000e+00,0.0000000000000000e+00,0.0000000000000000e+00,0.0000000000000000e+00,0.0000000000000000e+00,0.0000000000000000e+00,0.0000000000000000e+00,0.0000000000000000e+00,0
116,Cyclopentene,00142-29-0,Organic Liquids,6.8120000000000005e+01,6.8120000000000005e+01,6.4299999999999997e+00,0.0000000000000000e+00,0.0000000000000000e+00,3.2625780000000000e+00,0.0000000000000000e+00,0.0000000000000000e+00,0.0000000000000000e+00,0.0000000000000000e+00,6.9206000000000003e+00,1.1218180000000000e+03,2.2344999999999999e+02,0.0000000000000000e+00,0.0000000000000000e+00,0.0000000000000000e+00,0.0000000000000000e+00,0.0000000000000000e+00,0.0000000000000000e+00,0.0000000000000000e+00,0.0000000000000000e+00,0
117,"1,2-Dibromopropane",00078-75-1,Organic Liquids,2.0188999999999999e+02,2.0188999999999999e+02,1.6100000000000001e+01,0.0000000000000000e+00,0.0000000000000000e+00,8.8727000000000000e-02,0.0000000000000000e+00,0.0000000000000000e+00,0.0000000000000000e+00,0.0000000000000000e+00,7.3038999999999996e+00,1.6444000000000001e+03,2.3200000000000000e+02,0.0000000000000000e+00,0.0000000000000000e+00,0.0000000000000000e+00,0.0000000000000000e+00,0.0000000000000000e+00,0.0000000000000000e+00,0.0000000000000000e+00,0.0000000000000000e+00,0
118,"1,3-Dibromopropane",00109-64-8,Organic Liquids,2.0188999999999999e+02,2.0188999999999999e+02,1.6510000000000002e+01,0.0000000000000000e+00,0.0000000000000000e+00,2.7455000000000000e-02,0.0000000000000000e+00,0.0000000000000000e+00,0.0000000000000000e+00,0.0000000000000000e+00,7.5498000000000003e+00,1.8905599999999999e+03,2.4000000000000000e+02,0.0000000000000000e+00,0.0000000000000000e+00,0.0000000000000000e+00,0.0000000000000000e+00,0.0000000000000000e+00,0.0000000000000000e+00,0.0000000000000000e+00,0.0000000000000000e+00,0
119,Di-t-butyl ether,06163-66-2,Organic Liquids,1.3022999999999999e+02,1.3022999999999999e+02,6.4000000000000004e+00,0.0000000000000000e+00,0.0000000000000000e+00,6.4747399999999999e-01,0.0000000000000000e+00,0.0000000000000000e+00,0.0000000000000000e+00,0.0000000000000000e+00,6.9329000000000001e+00,1.3485300000000000e+03,2.3378999999999999e+02,0.0000000000000000e+00,0.0000000000000000e+00,0.0000000000000000e+00,0.0000000000000000e+00,0.0000000000000000e+00,0.0000000000000000e+00,0.0000000000000000e+00,0.0000000000000000e+00,0
120,"3,4-Dichlorotoluene",00095-75-0,Organic Liquids,1.6103000000000000e+02,1.6103000000000000e+02,1.0470000000000001e+01,0.0000000000000000e+00,0.0000000000000000e+00,2.9210000000000000e-03,0.0000000000000000e+00,0.0000000000000000e+00,0.0000000000000000e+00,0.0000000000000000e+00,7.3438999999999997e+00,1.8825000000000000e+03,2.1500000000000000e+02,0.0000000000000000e+00,0.0000000000000000e+00,0.0000000000000000e+00,0.0000000000000000e+00,0.0000000000000000e+00,0.0000000000000000e+00,0.0000000000000000e+00,0.0000000000000000e+00,0
121,"1,1-Diethoxyethane",00105-57-7,Organic Liquids,1.1818000000000001e+02,1.1818000000000001e+02,6.9199999999999999e+00,0.0000000000000000e+00,0.0000000000000000e+00,3.9361900000000000e-01,0.0000000000000000e+00,0.0000000000000000e+00,0.0000000000000000e+00,0.0000000000000000e+00,6.7576000000000001e+00,1.1915999999999999e+03,2.0312000000000000e+02,0.0000000000000000e+00,0.0000000000000000e+00,0.0000000000000000e+00,0.0000000000000000e+00,0.0000000000000000e+00,0.0000000000000000e+00,0.0000000000000000e+00,0.0000000000000000e+00,0
122,Diethoxymethane,00462-95-3,Organic Liquids,1.0415000000000001e+02,1.0415000000000001e+02,6.9900000000000002e+00,0.0000000000000000e+00,0.0000000000000000e+00,8.0955699999999997e-01,0.0000000000000000e+00,0.0000000000000000e+00,0.0000000000000000e+00,0.0000000000000000e+00,6.9084000000000003e+00,1.2295200000000000e+03,2.1700999999999999e+02,0.0000000000000000e+00,0.0000000000000000e+00,0.0000000000000000e+00,0.0000000000000000e+00,0.0000000000000000e+00,0.0000000000000000e+00,0.0000000000000000e+00,0.0000000000000000e+00,0
123,"1,2-Diethylbenzene",00135-01-3,Organic Liquids,1.3422000000000000e+02,1.3422000000000000e+02,7.3300000000000001e+00,0.0000000000000000e+00,0.0000000000000000e+00,9.4629999999999992e-03,0.0000000000000000e+00,0.0000000000000000e+00,0.0000000000000000e+00,0.0000000000000000e+00,6.9878000000000000e+00,1.5769400000000001e+03,2.0050999999999999e+02,0.0000000000000000e+00,0.0000000000000000e+00,0.0000000000000000e+00,0.0000000000000000e+00,0.0000000000000000e+00,0.0000000000000000e+00,0.0000000000000000e+00,0.0000000000000000e+00,0
124,"1,3-Diethylbenzene",00141-93-5,Organic Liquids,1.3422000000000000e+02,1.3422000000000000e+02,7.1699999999999999e+00,0.0000000000000000e+00,0.0000000000000000e+00,1.0340000000000000e-02,0.0000000000000000e+00,0.0000000000000000e+00,0.0000000000000000e+00,0.0000000000000000e+00,7.0035999999999996e+00,1.5753099999999999e+03,2.0096000000000001e+02,0.0000000000000000e+00,0.0000000000000000e+00,0.0000000000000000e+00,0.0000000000000000e+00,0.0000000000000000e+00,0.0000000000000000e+00,0.0000000000000000e+00,0.0000000000000000e+00,0
125,"1,4-Diethylbenzene",00105-05-5,Organic Liquids,1.3422000000000000e+02,1.3422000000000000e+02,7.1799999999999997e+00,0.0000000000000000e+00,0.0000000000000000e+00,9.6190000000000008e-03,0.0000000000000000e+00,0.0000000000000000e+00,0.0000000000000000e+00,0.0000000000000000e+00,6.9981999999999998e+00,1.5883099999999999e+03,2.0197000000000000e+02,0.0000000000000000e+00,0.0000000000000000e+00,0.0000000000000000e+00,0.0000000000000000e+00,0.0000000000000000e+00,0.0000000000000000e+00,0.0000000000000000e+00,0.0000000000000000e+00,0
126,Diethyl ketone,00096-22-0,Organic Liquids,8.6129999999999995e+01,8.6129999999999995e+01,6.7800000000000002e+00,0.0000000000000000e+00,0.0000000000000000e+00,4.0243699999999999e-01,0.0000000000000000e+00,0.0000000000000000e+00,0.0000000000000000e+00,0.0000000000000000e+00,6.8578999999999999e+00,1.2163000000000000e+03,2.0400000000000000e+02,0.0000000000000000e+00,0.0000000000000000e+00,0.0000000000000000e+00,0.0000000000000000e+00,0.0000000000000000e+00,0.0000000000000000e+00,0.0000000000000000e+00,0.0000000000000000e+00,0
127,Diethyl sulfide,00352-93-2,Organic Liquids,9.0180000000000007e+01,9.0180000000000007e+01,6.9699999999999998e+00,0.0000000000000000e+00,0.0000000000000000e+00,6.9915099999999997e-01,0.0000000000000000e+00,0.0000000000000000e+00,0.0000000000000000e+00,0.0000000000000000e+00,6.9283000000000001e+00,1.2578299999999999e+03,2.1866000000000000e+02,0.0000000000000000e+00,0.0000000000000000e+00,0.0000000000000000e+00,0.0000000000000000e+00,0.0000000000000000e+00,0.0000000000000000e+00,0.0000000000000000e+00,0.0000000000000000e+00,0
128,"1,2-Dimethoxyethane",00110-71-4,Organic Liquids,9.0120000000000005e+01,9.0120000000000005e+01,7.2199999999999998e+00,0.0000000000000000e+00,0.0000000000000000e+00,2.1455039999999999e+00,0.0000000000000000e+00,0.0000000000000000e+00,0.0000000000000000e+00,0.0000000000000000e+00,6.7188999999999997e+00,1.0505000000000000e+03,2.0919999999999999e+02,0.0000000000000000e+00,0.0000000000000000e+00,0.0000000000000000e+00,0.0000000000000000e+00,0.0000000000000000e+00,0.0000000000000000e+00,0.0000000000000000e+00,0.0000000000000000e+00,0
129,"2,3-Dimethylbutane",00079-29-8,Organic Liquids,8.6180000000000007e+01,8.6180000000000007e+01,5.5099999999999998e+00,0.0000000000000000e+00,0.0000000000000000e+00,3.0577899999999998e+00,0.0000000000000000e+00,0.0000000000000000e+00,0.0000000000000000e+00,0.0000000000000000e+00,6.8098000000000001e+00,1.1271869999999999e+03,2.2890000000000001e+02,0.0000000000000000e+00,0.0000000000000000e+00,0.0000000000000000e+00,0.0000000000000000e+00,0.0000000000000000e+00,0.0000000000000000e+00,0.0000000000000000e+00,0.0000000000000000e+00,0
130,"1,1-Dimethylcyclopentane",01638-26-2,Organic Liquids,8.7500000000000000e+01,8.7500000000000000e+01,6.2900000000000000e+00,0.0000000000000000e+00,0.0000000000000000e+00,9.3182100000000001e-01,0.0000000000000000e+00,0.0000000000000000e+00,0.0000000000000000e+00,0.0000000000000000e+00,6.8171999999999997e+00,1.2194739999999999e+03,2.2194999999999999e+02,0.0000000000000000e+00,0.0000000000000000e+00,0.0000000000000000e+00,0.0000000000000000e+00,0.0000000000000000e+00,0.0000000000000000e+00,0.0000000000000000e+00,0.0000000000000000e+00,0
131,"2,2-Dimethylpentane",00590-35-2,Organic Liquids,1.0020000000000000e+02,1.0020000000000000e+02,5.6100000000000003e+00,0.0000000000000000e+00,0.0000000000000000e+00,1.3157330000000000e+00,0.0000000000000000e+00,0.0000000000000000e+00,0.0000000000000000e+00,0.0000000000000000e+00,6.8148000000000000e+00,1.1900329999999999e+03,2.2330000000000001e+02,0.0000000000000000e+00,0.0000000000000000e+00,0.0000000000000000e+00,0.0000000000000000e+00,0.0000000000000000e+00,0.0000000000000000e+00,0.0000000000000000e+00,0.0000000000000000e+00,0
133,"2,4-Dimethylpentane",00108-08-7,Organic Liquids,1.0020000000000000e+02,1.0020000000000000e+02,5.5999999999999996e+00,0.0000000000000000e+00,0.0000000000000000e+00,1.4589000000000001e+00,0.0000000000000000e+00,0.0000000000000000e+00,0.0000000000000000e+00,0.0000000000000000e+00,6.8262000000000000e+00,1.1920400000000000e+03,2.2531999999999999e+02,0.0000000000000000e+00,0.0000000000000000e+00,0.0000000000000000e+00,0.0000000000000000e+00,0.0000000000000000e+00,0.0000000000000000e+00,0.0000000000000000e+00,0.0000000000000000e+00,0
134,"3,3-Dimethylpentane",00562-49-2,Organic Liquids,1.0020000000000000e+02,1.0020000000000000e+02,5.7800000000000002e+00,0.0000000000000000e+00,0.0000000000000000e+00,1.0290760000000001e+00,0.0000000000000000e+00,0.0000000000000000e+00,0.0000000000000000e+00,0.0000000000000000e+00,6.8266000000000000e+00,1.2286630000000000e+03,2.2531999999999999e+02,0.0000000000000000e+00,0.0000000000000000e+00,0.0000000000000000e+00,0.0000000000000000e+00,0.0000000000000000e+00,0.0000000000000000e+00,0.0000000000000000e+00,0.0000000000000000e+00,0
135,Ethylamine,00075-04-7,Organic Liquids,4.5079999999999998e+01,4.5079999999999998e+01,5.6900000000000004e+00,0.0000000000000000e+00,0.0000000000000000e+00,1.4102710000000000e+01,0.0000000000000000e+00,0.0000000000000000e+00,0.0000000000000000e+00,0.0000000000000000e+00,7.0541000000000000e+00,9.8730999999999995e+02,2.2000000000000000e+02,0.0000000000000000e+00,0.0000000000000000e+00,0.0000000000000000e+00,0.0000000000000000e+00,0.0000000000000000e+00,0.0000000000000000e+00,0.0000000000000000e+00,0.0000000000000000e+00,0
136,Ethylcyclopentane,01640-89-7,Organic Liquids,9.8189999999999998e+01,9.8189999999999998e+01,6.3799999999999999e+00,0.0000000000000000e+00,0.0000000000000000e+00,4.7494799999999998e-01,0.0000000000000000e+00,0.0000000000000000e+00,0.0000000000000000e+00,0.0000000000000000e+00,6.8869999999999996e+00,1.2985989999999999e+03,2.2068000000000001e+02,0.0000000000000000e+00,0.0000000000000000e+00,0.0000000000000000e+00,0.0000000000000000e+00,0.0000000000000000e+00,0.0000000000000000e+00,0.0000000000000000e+00,0.0000000000000000e+00,0
137,3-Ethylpentane,00617-78-7,Organic Liquids,1.0020000000000000e+02,1.0020000000000000e+02,5.8200000000000003e+00,0.0000000000000000e+00,0.0000000000000000e+00,7.0048900000000003e-01,0.0000000000000000e+00,0.0000000000000000e+00,0.0000000000000000e+00,0.0000000000000000e+00,6.8756000000000004e+00,1.2518270000000000e+03,2.1988999999999999e+02,0.0000000000000000e+00,0.0000000000000000e+00,0.0000000000000000e+00,0.0000000000000000e+00,0.0000000000000000e+00,0.0000000000000000e+00,0.0000000000000000e+00,0.0000000000000000e+00,0
138,Fluorobenzene,00462-06-6,Organic Liquids,9.6099999999999994e+01,9.6099999999999994e+01,8.5199999999999996e+00,0.0000000000000000e+00,0.0000000000000000e+00,9.3719799999999998e-01,0.0000000000000000e+00,0.0000000000000000e+00,0.0000000000000000e+00,0.0000000000000000e+00,7.1870000000000003e+00,1.3818000000000000e+03,2.3559999999999999e+02,0.0000000000000000e+00,0.0000000000000000e+00,0.0000000000000000e+00,0.0000000000000000e+00,0.0000000000000000e+00,0.0000000000000000e+00,0.0000000000000000e+00,0.0000000000000000e+00,0
139,1-Heptene,00592-76-7,Organic Liquids,9.8189999999999998e+01,9.8189999999999998e+01,5.8099999999999996e+00,0.0000000000000000e+00,0.0000000000000000e+00,6.7689600000000005e-01,0.0000000000000000e+00,0.0000000000000000e+00,0.0000000000000000e+00,0.0000000000000000e+00,6.9017999999999997e+00,1.2583450000000000e+03,2.1930000000000001e+02,0.0000000000000000e+00,0.0000000000000000e+00,0.0000000000000000e+00,0.0000000000000000e+00,0.0000000000000000e+00,0.0000000000000000e+00,0.0000000000000000e+00,0.0000000000000000e+00,0
140,"1,5-Hexadiene",00592-42-7,Organic Liquids,8.2150000000000006e+01,8.2150000000000006e+01,5.7300000000000004e+00,0.0000000000000000e+00,0.0000000000000000e+00,2.8904690000000000e+00,0.0000000000000000e+00,0.0000000000000000e+00,0.0000000000000000e+00,0.0000000000000000e+00,6.5740999999999996e+00,1.0135000000000000e+03,2.1480000000000001e+02,0.0000000000000000e+00,0.0000000000000000e+00,0.0000000000000000e+00,0.0000000000000000e+00,0.0000000000000000e+00,0.0000000000000000e+00,0.0000000000000000e+00,0.0000000000000000e+00,0
141,2-Methyl-1-butene,00563-46-2,Organic Liquids,7.0129999999999995e+01,7.0129999999999995e+01,5.4199999999999999e+00,0.0000000000000000e+00,0.0000000000000000e+00,1.0246020000000000e+01,0.0000000000000000e+00,0.0000000000000000e+00,0.0000000000000000e+00,0.0000000000000000e+00,6.4863000000000000e+00,1.0396900000000001e+03,2.3665000000000001e+02,0.0000000000000000e+00,0.0000000000000000e+00,0.0000000000000000e+00,0.0000000000000000e+00,0.0000000000000000e+00,0.0000000000000000e+00,0.0000000000000000e+00,0.0000000000000000e+00,0
142,Methyldichlorosilane,20156-50-7,Organic Liquids,1.2906000000000000e+02,1.2906000000000000e+02,8.9100000000000001e+00,0.0000000000000000e+00,0.0000000000000000e+00,5.7175940000000001e+00,0.0000000000000000e+00,0.0000000000000000e+00,0.0000000000000000e+00,0.0000000000000000e+00,7.0278000000000000e+00,1.1678000000000000e+03,2.4069999999999999e+02,0.0000000000000000e+00,0.0000000000000000e+00,0.0000000000000000e+00,0.0000000000000000e+00,0.0000000000000000e+00,0.0000000000000000e+00,0.0000000000000000e+00,0.0000000000000000e+00,0
143,2-Methylhexane,00591-76-4,Organic Liquids,1.0020999999999999e+02,1.0020999999999999e+02,5.6600000000000001e+00,0.0000000000000000e+00,0.0000000000000000e+00,7.9883899999999997e-01,0.0000000000000000e+00,0.0000000000000000e+00,0.0000000000000000e+00,0.0000000000000000e+00,6.8731000000000000e+00,1.2360260000000001e+03,2.1955000000000001e+02,0.0000000000000000e+00,0.0000000000000000e+00,0.0000000000000000e+00,0.0000000000000000e+00,0.0000000000000000e+00,0.0000000000000000e+00,0.0000000000000000e+00,0.0000000000000000e+00,0
144,3-Methylhexane,00589-34-4,Organic Liquids,1.0020999999999999e+02,1.0020999999999999e+02,5.7199999999999998e+00,0.0000000000000000e+00,0.0000000000000000e+00,7.4433600000000000e-01,0.0000000000000000e+00,0.0000000000000000e+00,0.0000000000000000e+00,0.0000000000000000e+00,6.8676000000000004e+00,1.2401959999999999e+03,2.1922000000000000e+02,0.0000000000000000e+00,0.0000000000000000e+00,0.0000000000000000e+00,0.0000000000000000e+00,0.0000000000000000e+00,0.0000000000000000e+00,0.0000000000000000e+00,0.0000000000000000e+00,0
145,1-Methyl-2-isopropylbenzene,00527-84-4,Organic Liquids,1.3422000000000000e+02,1.3422000000000000e+02,7.2999999999999998e+00,0.0000000000000000e+00,0.0000000000000000e+00,1.4087000000000001e-02,0.0000000000000000e+00,0.0000000000000000e+00,0.0000000000000000e+00,0.0000000000000000e+00,6.9404000000000003e+00,1.5480500000000000e+03,2.0315000000000001e+02,0.0000000000000000e+00,0.0000000000000000e+00,0.0000000000000000e+00,0.0000000000000000e+00,0.0000000000000000e+00,0.0000000000000000e+00,0.0000000000000000e+00,0.0000000000000000e+00,0
146,2-Methylpentane,00107-83-5,Organic Liquids,8.6180000000000007e+01,8.6180000000000007e+01,5.4400000000000004e+00,0.0000000000000000e+00,0.0000000000000000e+00,2.7311519999999998e+00,0.0000000000000000e+00,0.0000000000000000e+00,0.0000000000000000e+00,0.0000000000000000e+00,6.8391000000000002e+00,1.1354100000000001e+03,2.2656999999999999e+02,0.0000000000000000e+00,0.0000000000000000e+00,0.0000000000000000e+00,0.0000000000000000e+00,0.0000000000000000e+00,0.0000000000000000e+00,0.0000000000000000e+00,0.0000000000000000e+00,0
147,1-Octanol,00111-87-5,Organic Liquids,1.3022999999999999e+02,1.3022999999999999e+02,6.8899999999999997e+00,0.0000000000000000e+00,0.0000000000000000e+00,8.3500000000000002e-04,0.0000000000000000e+00,0.0000000000000000e+00,0.0000000000000000e+00,0.0000000000000000e+00,1.2070100000000000e+01,4.5068000000000002e+03,3.1989999999999998e+02,0.0000000000000000e+00,0.0000000000000000e+00,0.0000000000000000e+00,0.0000000000000000e+00,0.0000000000000000e+00,0.0000000000000000e+00,0.0000000000000000e+00,0.0000000000000000e+00,0
148,"1,2-Pentadiene",00591-95-7,Organic Liquids,6.8120000000000005e+01,6.8120000000000005e+01,5.7699999999999996e+00,0.0000000000000000e+00,0.0000000000000000e+00,4.8266850000000003e+00,0.0000000000000000e+00,0.0000000000000000e+00,0.0000000000000000e+00,0.0000000000000000e+00,6.9181999999999997e+00,1.1049910000000000e+03,2.2884999999999999e+02,0.0000000000000000e+00,0.0000000000000000e+00,0.0000000000000000e+00,0.0000000000000000e+00,0.0000000000000000e+00,0.0000000000000000e+00,0.0000000000000000e+00,0.0000000000000000e+00,0
149,"1,4-Pentadiene",00591-93-5,Organic Liquids,6.8120000000000005e+01,6.8120000000000005e+01,5.4900000000000002e+00,0.0000000000000000e+00,0.0000000000000000e+00,1.0019130000000001e+01,0.0000000000000000e+00,0.0000000000000000e+00,0.0000000000000000e+00,0.0000000000000000e+00,6.8353999999999999e+00,1.0179950000000000e+03,2.3146000000000001e+02,0.0000000000000000e+00,0.0000000000000000e+00,0.0000000000000000e+00,0.0000000000000000e+00,0.0000000000000000e+00,0.0000000000000000e+00,0.0000000000000000e+00,0.0000000000000000e+00,0
150,"2,3-Pentadiene",00591-96-8,Organic Liquids,6.8120000000000005e+01,6.8120000000000005e+01,5.7900000000000000e+00,0.0000000000000000e+00,0.0000000000000000e+00,4.1600169999999999e+00,0.0000000000000000e+00,0.0000000000000000e+00,0.0000000000000000e+00,0.0000000000000000e+00,6.9621000000000004e+00,1.1268370000000000e+03,2.2784000000000000e+02,0.0000000000000000e+00,0.0000000000000000e+00,0.0000000000000000e+00,0.0000000000000000e+00,0.0000000000000000e+00,0.0000000000000000e+00,0.0000000000000000e+00,0.0000000000000000e+00,0
151,1-Pentene,00109-67-1,Organic Liquids,7.0140000000000001e+01,7.0140000000000001e+01,5.3300000000000001e+00,0.0000000000000000e+00,0.0000000000000000e+00,8.6884549999999994e+00,0.0000000000000000e+00,0.0000000000000000e+00,0.0000000000000000e+00,0.0000000000000000e+00,6.8441999999999998e+00,1.0440100000000000e+03,2.3350000000000000e+02,0.0000000000000000e+00,0.0000000000000000e+00,0.0000000000000000e+00,0.0000000000000000e+00,0.0000000000000000e+00,0.0000000000000000e+00,0.0000000000000000e+00,0.0000000000000000e+00,0
152,1-Pentyne,00627-19-0,Organic Liquids,6.8120000000000005e+01,6.8120000000000005e+01,5.7599999999999998e+00,0.0000000000000000e+00,0.0000000000000000e+00,5.6631879999999999e+00,0.0000000000000000e+00,0.0000000000000000e+00,0.0000000000000000e+00,0.0000000000000000e+00,6.9672999999999998e+00,1.0925200000000000e+03,2.2718000000000001e+02,0.0000000000000000e+00,0.0000000000000000e+00,0.0000000000000000e+00,0.0000000000000000e+00,0.0000000000000000e+00,0.0000000000000000e+00,0.0000000000000000e+00,0.0000000000000000e+00,0
153,Phosgene,00075-44-5,Organic Liquids,9.8920000000000002e+01,9.8920000000000002e+01,1.1500000000000000e+01,0.0000000000000000e+00,0.0000000000000000e+00,1.9787839999999999e+01,0.0000000000000000e+00,0.0000000000000000e+00,0.0000000000000000e+00,0.0000000000000000e+00,6.8429000000000002e+00,9.4125000000000000e+02,2.3000000000000000e+02,0.0000000000000000e+00,0.0000000000000000e+00,0.0000000000000000e+00,0.0000000000000000e+00,0.0000000000000000e+00,0.0000000000000000e+00,0.0000000000000000e+00,0.0000000000000000e+00,0
154,1-Propanethiol,00107-03-9,Organic Liquids,7.6159999999999997e+01,7.6159999999999997e+01,7.0099999999999998e+00,0.0000000000000000e+00,0.0000000000000000e+00,1.9418380000000000e+00,0.0000000000000000e+00,0.0000000000000000e+00,0.0000000000000000e+00,0.0000000000000000e+00,6.9283999999999999e+00,1.1833070000000000e+03,2.2462000000000000e+02,0.0000000000000000e+00,0.0000000000000000e+00,0.0000000000000000e+00,0.0000000000000000e+00,0.0000000000000000e+00,0.0000000000000000e+00,0.0000000000000000e+00,0.0000000000000000e+00,0
155,2-Propanethiol,00075-33-2,Organic Liquids,7.6159999999999997e+01,7.6159999999999997e+01,6.8300000000000001e+00,0.0000000000000000e+00,0.0000000000000000e+00,3.5945130000000001e+00,0.0000000000000000e+00,0.0000000000000000e+00,0.0000000000000000e+00,0.0000000000000000e+00,6.8773000000000000e+00,1.1138950000000000e+03,2.2616000000000000e+02,0.0000000000000000e+00,0.0000000000000000e+00,0.0000000000000000e+00,0.0000000000000000e+00,0.0000000000000000e+00,0.0000000000000000e+00,0.0000000000000000e+00,0.0000000000000000e+00,0
156,1-Propanol,00071-23-8,Organic Liquids,6.0100000000000001e+01,6.0100000000000001e+01,6.7000000000000002e+00,0.0000000000000000e+00,0.0000000000000000e+00,2.1172500000000000e-01,0.0000000000000000e+00,0.0000000000000000e+00,0.0000000000000000e+00,0.0000000000000000e+00,7.8475999999999999e+00,1.4992100000000000e+03,2.0463999999999999e+02,0.0000000000000000e+00,0.0000000000000000e+00,0.0000000000000000e+00,0.0000000000000000e+00,0.0000000000000000e+00,0.0000000000000000e+00,0.0000000000000000e+00,0.0000000000000000e+00,0
157,n-Propyl nitrate,00627-13-4,Organic Liquids,1.0509000000000000e+02,1.0509000000000000e+02,8.7799999999999994e+00,0.0000000000000000e+00,0.0000000000000000e+00,2.6157399999999997e-01,0.0000000000000000e+00,0.0000000000000000e+00,0.0000000000000000e+00,0.0000000000000000e+00,6.9549000000000003e+00,1.2944000000000001e+03,2.0669999999999999e+02,0.0000000000000000e+00,0.0000000000000000e+00,0.0000000000000000e+00,0.0000000000000000e+00,0.0000000000000000e+00,0.0000000000000000e+00,0.0000000000000000e+00,0.0000000000000000e+00,0
158,Trimethylchorosilane,00075-77-4,Organic Liquids,1.0864000000000000e+02,1.0864000000000000e+02,7.1299999999999999e+00,0.0000000000000000e+00,0.0000000000000000e+00,3.0339299999999998e+00,0.0000000000000000e+00,0.0000000000000000e+00,0.0000000000000000e+00,0.0000000000000000e+00,7.0557999999999996e+00,1.2455000000000000e+03,2.4069999999999999e+02,0.0000000000000000e+00,0.0000000000000000e+00,0.0000000000000000e+00,0.0000000000000000e+00,0.0000000000000000e+00,0.0000000000000000e+00,0.0000000000000000e+00,0.0000000000000000e+00,0
159,"2,2,3-Trimethylpentane",00564-02-3,Organic Liquids,1.1423000000000000e+02,1.1423000000000000e+02,5.9699999999999998e+00,0.0000000000000000e+00,0.0000000000000000e+00,3.7828200000000001e-01,0.0000000000000000e+00,0.0000000000000000e+00,0.0000000000000000e+00,0.0000000000000000e+00,6.8254000000000001e+00,1.2948800000000001e+03,2.1841999999999999e+02,0.0000000000000000e+00,0.0000000000000000e+00,0.0000000000000000e+00,0.0000000000000000e+00,0.0000000000000000e+00,0.0000000000000000e+00,0.0000000000000000e+00,0.0000000000000000e+00,0
161,"2,3,3-Trimethylpentane",00560-21-4,Organic Liquids,1.1423000000000000e+02,1.1423000000000000e+02,6.0499999999999998e+00,0.0000000000000000e+00,0.0000000000000000e+00,3.1715500000000002e-01,0.0000000000000000e+00,0.0000000000000000e+00,0.0000000000000000e+00,0.0000000000000000e+00,6.8434999999999997e+00,1.3280500000000000e+03,2.2038000000000000e+02,0.0000000000000000e+00,0.0000000000000000e+00,0.0000000000000000e+00,0.0000000000000000e+00,0.0000000000000000e+00,0.0000000000000000e+00,0.0000000000000000e+00,0.0000000000000000e+00,0
162,Gasoline (RVP 7),,Petroleum Distillates,9.2000000000000000e+01,6.8000000000000000e+01,5.5999999999999996e+00,2.2999999999999998e+00,2.8999999999999999e+00,3.5000000000000000e+00,4.2999999999999998e+00,5.2000000000000002e+00,6.2000000000000002e+00,7.4000000000000004e+00,0.0000000000000000e+00,0.0000000000000000e+00,0.0000000000000000e+00,0.0000000000000000e+00,0.0000000000000000e+00,7.0000000000000000e+00,3.0000000000000000e+00,0.0000000000000000e+00,0.0000000000000000e+00,0.0000000000000000e+00,0.0000000000000000e+00,0
163,Methyl-tert-butyl ether (MTBE),01634-04-4,Organic Liquids,8.8150000000000006e+01,8.8150000000000006e+01,6.2000000000000002e+00,1.9199999999999999e+00,2.5000000000000000e+00,3.2200000000000002e+00,4.1100000000000003e+00,5.1799999999999997e+00,6.4699999999999998e+00,8.0000000000000000e+00,0.0000000000000000e+00,0.0000000000000000e+00,0.0000000000000000e+00,0.0000000000000000e+00,0.0000000000000000e+00,0.0000000000000000e+00,0.0000000000000000e+00,0.0000000000000000e+00,0.0000000000000000e+00,0.0000000000000000e+00,0.0000000000000000e+00,0
164,"1,2,4-Trimethylbenzene",00095-63-6,Organic Liquids,1.2019000000000000e+02,1.2019000000000000e+02,7.2900000000000000e+00,0.0000000000000000e+00,0.0000000000000000e+00,2.0500000000000001e-02,0.0000000000000000e+00,0.0000000000000000e+00,0.0000000000000000e+00,0.0000000000000000e+00,7.0438299999999998e+00,1.5732670000000001e+03,2.0856000000000000e+02,0.0000000000000000e+00,0.0000000000000000e+00,0.0000000000000000e+00,0.0000000000000000e+00,0.0000000000000000e+00,0.0000000000000000e+00,0.0000000000000000e+00,0.0000000000000000e+00,0
165,Gasoline (RVP 6),,Petroleum Distillates,9.2000000000000000e+01,6.9000000000000000e+01,5.5999999999999996e+00,1.9035000000000000e+00,2.3731000000000000e+00,2.9335000000000000e+00,3.5973999999999999e+00,4.3783000000000003e+00,5.2907000000000002e+00,6.3502000000000001e+00,0.0000000000000000e+00,0.0000000000000000e+00,0.0000000000000000e+00,0.0000000000000000e+00,0.0000000000000000e+00,6.0000000000000000e+00,3.0000000000000000e+00,0.0000000000000000e+00,0.0000000000000000e+00,0.0000000000000000e+00,0.0000000000000000e+00,0
166,Gasoline (RVP 8),,Petroleum Distillates,9.2000000000000000e+01,6.8000000000000000e+01,5.5999999999999996e+00,2.6669999999999998e+00,3.2972999999999999e+00,4.0434000000000001e+00,4.9203000000000001e+00,5.9440000000000000e+00,7.1314000000000002e+00,8.5006000000000004e+00,0.0000000000000000e+00,0.0000000000000000e+00,0.0000000000000000e+00,0.0000000000000000e+00,0.0000000000000000e+00,8.0000000000000000e+00,3.0000000000000000e+00,0.0000000000000000e+00,0.0000000000000000e+00,0.0000000000000000e+00,0.0000000000000000e+00,0
167,Gasoline (RVP 9),,Petroleum Distillates,9.2000000000000000e+01,6.7000000000000000e+01,5.5999999999999996e+00,3.0617999999999999e+00,3.7726000000000002e+00,4.6111000000000004e+00,5.5933999999999999e+00,6.7365000000000004e+00,8.0586000000000002e+00,9.5785999999999998e+00,0.0000000000000000e+00,0.0000000000000000e+00,0.0000000000000000e+00,0.0000000000000000e+00,0.0000000000000000e+00,9.0000000000000000e+00,3.0000000000000000e+00,0.0000000000000000e+00,0.0000000000000000e+00,0.0000000000000000e+00,0.0000000000000000e+00,0
168,Gasoline (RVP 11),,Petroleum Distillates,9.2000000000000000e+01,6.5000000000000000e+01,5.5999999999999996e+00,3.8738999999999999e+00,4.7454000000000001e+00,5.7676999999999996e+00,6.9588999999999999e+00,8.3377999999999997e+00,9.9244000000000003e+00,1.1739599999999999e+01,0.0000000000000000e+00,0.0000000000000000e+00,0.0000000000000000e+00,0.0000000000000000e+00,0.0000000000000000e+00,1.1000000000000000e+01,3.0000000000000000e+00,0.0000000000000000e+00,0.0000000000000000e+00,0.0000000000000000e+00,0.0000000000000000e+00,0
169,Gasoline (RVP 12),,Petroleum Distillates,9.2000000000000000e+01,6.4000000000000000e+01,5.5999999999999996e+00,4.2899000000000003e+00,5.2416999999999998e+00,6.3555999999999999e+00,7.6501999999999999e+00,9.1455000000000002e+00,1.0862299999999999e+01,1.2822200000000000e+01,0.0000000000000000e+00,0.0000000000000000e+00,0.0000000000000000e+00,0.0000000000000000e+00,0.0000000000000000e+00,1.2000000000000000e+01,3.0000000000000000e+00,0.0000000000000000e+00,0.0000000000000000e+00,0.0000000000000000e+00,0.0000000000000000e+00,0
170,Naphthalene,00091-20-3,Organic Liquids,1.2819999999999999e+02,1.2819999999999999e+02,1.1080000000000000e+01,,,,,,,,7.3728999999999996e+00,1.9683599999999999e+03,2.2261000000000001e+02,0.0000000000000000e+00,0.0000000000000000e+00,0.0000000000000000e+00,0.0000000000000000e+00,0.0000000000000000e+00,0.0000000000000000e+00,0.0000000000000000e+00,0.0000000000000000e+00,0
132,"2,3-Dimethylpentane",00565-59-3,Organic Liquids,1.0020000000000000e+02,1.0020000000000000e+02,5.7900000000000000e+00,0.0000000000000000e+00,0.0000000000000000e+00,8.4136699999999998e-01,0.0000000000000000e+00,0.0000000000000000e+00,0.0000000000000000e+00,0.0000000000000000e+00,6.8537999999999997e+00,1.2380170000000001e+03,2.2181999999999999e+02,0.0000000000000000e+00,0.0000000000000000e+00,0.0000000000000000e+00,0.0000000000000000e+00,0.0000000000000000e+00,0.0000000000000000e+00,0.0000000000000000e+00,0.0000000000000000e+00,0
160,"2,2,4-Trimethylpentane (isooctane)",00540-84-1,Organic Liquids,1.1423000000000000e+02,1.1423000000000000e+02,5.7599999999999998e+00,0.0000000000000000e+00,0.0000000000000000e+00,5.9611499999999995e-01,0.0000000000000000e+00,0.0000000000000000e+00,0.0000000000000000e+00,0.0000000000000000e+00,6.8117999999999999e+00,1.2578399999999999e+03,2.2074000000000001e+02,0.0000000000000000e+00,0.0000000000000000e+00,0.0000000000000000e+00,0.0000000000000000e+00,0.0000000000000000e+00,0.0000000000000000e+00,0.0000000000000000e+00,0.0000000000000000e+00,0
172,Denatured ethanol,00064-17-5,Organic Liquids,4.6070000000000000e+01,4.6070000000000000e+01,6.6100000000000003e+00,,,,,,,,8.1218699999999995e+00,1.5986730000000000e+03,2.2672600000000000e+02,0.0000000000000000e+00,0.0000000000000000e+00,0.0000000000000000e+00,0.0000000000000000e+00,0.0000000000000000e+00,0.0000000000000000e+00,0.0000000000000000e+00,0.0000000000000000e+00,0
174,Gasoline (RVP 7.8),,Petroleum Distillates,9.2000000000000000e+01,6.8000000000000000e+01,5.5999999999999996e+00,2.5929000000000002e+00,3.2079000000000000e+00,3.9363000000000001e+00,4.7930000000000001e+00,5.7937000000000003e+00,6.9551999999999996e+00,8.2951999999999995e+00,,,,,,7.7999999999999998e+00,3.0000000000000000e+00,,,,,0
175,Gasoline (RVP 8.3),,Petroleum Distillates,9.2000000000000000e+01,6.8000000000000000e+01,5.5999999999999996e+00,2.7888000000000002e+00,3.4440000000000000e+00,4.2187999999999999e+00,5.1284000000000001e+00,6.1890999999999998e+00,7.4184000000000001e+00,8.8344000000000005e+00,,,,,,8.3000000000000007e+00,3.0000000000000000e+00,,,,,0
176,Gasoline (RVP 11.5),,Petroleum Distillates,9.2000000000000000e+01,6.5000000000000000e+01,5.5999999999999996e+00,4.0869999999999997e+00,4.9996999999999998e+00,6.0690000000000000e+00,7.3132000000000001e+00,8.7518999999999991e+00,1.0405300000000000e+01,1.2294900000000000e+01,,,,,,1.1500000000000000e+01,3.0000000000000000e+00,,,,,0
177,Gasoline (RVP 13.5),,Petroleum Distillates,9.2000000000000000e+01,6.2000000000000000e+01,5.5999999999999996e+00,4.9320000000000004e+00,6.0053999999999998e+00,7.2572999999999999e+00,8.7075999999999993e+00,1.0377400000000000e+01,1.2288800000000000e+01,1.4464600000000001e+01,,,,,,1.3500000000000000e+01,3.0000000000000000e+00,,,,,0
178,Gasoline (RVP 15.0),,Petroleum Distillates,9.2000000000000000e+01,6.0000000000000000e+01,5.5999999999999996e+00,5.5801999999999996e+00,6.7740000000000000e+00,8.1621000000000006e+00,9.7655999999999992e+00,1.1606700000000000e+01,1.3708500000000001e+01,1.6094799999999999e+01,,,,,,1.5000000000000000e+01,3.0000000000000000e+00,,,,,0
179,Xylenes (mixed isomers),01330-20-7,Organic Liquids,1.0617000000000000e+02,1.0617000000000000e+02,7.2439999999999998e+00,0.0000000000000000e+00,0.0000000000000000e+00,1.2945584500000001e-01,0.0000000000000000e+00,0.0000000000000000e+00,0.0000000000000000e+00,0.0000000000000000e+00,7.0090000000000003e+00,1.4622660000000001e+03,2.1511000000000001e+02,0.0000000000000000e+00,0.0000000000000000e+00,0.0000000000000000e+00,0.0000000000000000e+00,0.0000000000000000e+00,0.0000000000000000e+00,0.0000000000000000e+00,0.0000000000000000e+00,0
